coinbase	BTC-USD	1	105361.6429	1.5183	sell	2026-07-18 10:00:00.000
coinbase	BTC-USD	2	104517.5086	1.9313	sell	2026-07-18 10:00:00.000
coinbase	BTC-USD	3	104900.1808	1.5698	sell	2026-07-18 10:00:00.000
kraken	BTC-USD	4	105491.1900	0.7225	buy	2026-07-18 10:00:00.000
kraken	BTC-USD	5	105004.9212	0.5709	buy	2026-07-18 10:00:00.000
kraken	BTC-USD	6	105124.2874	0.5085	buy	2026-07-18 10:00:00.000
coinbase	ETH-USD	7	3193.9247	1.4624	sell	2026-07-18 10:00:00.000
coinbase	ETH-USD	8	3199.1086	0.2104	sell	2026-07-18 10:00:00.000
coinbase	ETH-USD	9	3194.1183	1.2844	buy	2026-07-18 10:00:00.000
kraken	ETH-USD	10	3214.9314	0.9592	sell	2026-07-18 10:00:00.000
kraken	ETH-USD	11	3185.9929	1.8377	buy	2026-07-18 10:00:00.000
kraken	ETH-USD	12	3186.9847	1.6818	buy	2026-07-18 10:00:00.000
coinbase	SOL-USD	13	140.1567	1.6578	sell	2026-07-18 10:00:00.000
coinbase	SOL-USD	14	139.6415	0.6572	buy	2026-07-18 10:00:00.000
coinbase	SOL-USD	15	139.5675	1.1393	buy	2026-07-18 10:00:00.000
kraken	SOL-USD	16	140.4247	0.2936	sell	2026-07-18 10:00:00.000
kraken	SOL-USD	17	139.4277	1.9865	sell	2026-07-18 10:00:00.000
kraken	SOL-USD	18	139.4527	1.107	buy	2026-07-18 10:00:00.000
coinbase	BTC-USD	19	105049.8130	1.6308	buy	2026-07-18 10:00:01.000
coinbase	BTC-USD	20	105487.0305	1.2103	sell	2026-07-18 10:00:01.000
coinbase	BTC-USD	21	104942.2385	1.1966	sell	2026-07-18 10:00:01.000
kraken	BTC-USD	22	104807.8992	0.4918	buy	2026-07-18 10:00:01.000
kraken	BTC-USD	23	104673.8609	0.3816	sell	2026-07-18 10:00:01.000
kraken	BTC-USD	24	104975.3575	0.1888	buy	2026-07-18 10:00:01.000
coinbase	ETH-USD	25	3212.0567	1.8475	buy	2026-07-18 10:00:01.000
coinbase	ETH-USD	26	3212.7415	1.8469	sell	2026-07-18 10:00:01.000
coinbase	ETH-USD	27	3210.8117	1.0539	buy	2026-07-18 10:00:01.000
kraken	ETH-USD	28	3211.1836	1.7911	sell	2026-07-18 10:00:01.000
kraken	ETH-USD	29	3202.5502	0.9066	sell	2026-07-18 10:00:01.000
kraken	ETH-USD	30	3186.6359	1.2294	sell	2026-07-18 10:00:01.000
coinbase	SOL-USD	31	140.1219	0.6772	buy	2026-07-18 10:00:01.000
coinbase	SOL-USD	32	139.6402	1.4657	buy	2026-07-18 10:00:01.000
coinbase	SOL-USD	33	140.2875	0.7504	buy	2026-07-18 10:00:01.000
kraken	SOL-USD	34	139.7656	1.6337	buy	2026-07-18 10:00:01.000
kraken	SOL-USD	35	140.3964	1.7121	buy	2026-07-18 10:00:01.000
kraken	SOL-USD	36	139.3633	1.152	buy	2026-07-18 10:00:01.000
coinbase	BTC-USD	37	104503.0316	1.2736	buy	2026-07-18 10:00:02.000
coinbase	BTC-USD	38	104885.7699	0.7466	buy	2026-07-18 10:00:02.000
coinbase	BTC-USD	39	104513.2116	0.0531	buy	2026-07-18 10:00:02.000
kraken	BTC-USD	40	105229.0190	0.9637	buy	2026-07-18 10:00:02.000
kraken	BTC-USD	41	105458.8176	0.0553	sell	2026-07-18 10:00:02.000
kraken	BTC-USD	42	105126.6300	1.6734	buy	2026-07-18 10:00:02.000
coinbase	ETH-USD	43	3191.0665	1.2974	sell	2026-07-18 10:00:02.000
coinbase	ETH-USD	44	3197.9542	0.1315	sell	2026-07-18 10:00:02.000
coinbase	ETH-USD	45	3185.2601	0.2108	sell	2026-07-18 10:00:02.000
kraken	ETH-USD	46	3190.3794	0.7235	sell	2026-07-18 10:00:02.000
kraken	ETH-USD	47	3210.8265	1.8378	buy	2026-07-18 10:00:02.000
kraken	ETH-USD	48	3206.3263	0.4148	buy	2026-07-18 10:00:02.000
coinbase	SOL-USD	49	140.4041	0.3248	buy	2026-07-18 10:00:02.000
coinbase	SOL-USD	50	139.7792	0.5089	sell	2026-07-18 10:00:02.000
coinbase	SOL-USD	51	140.2318	0.0363	sell	2026-07-18 10:00:02.000
kraken	SOL-USD	52	140.5601	1.7509	sell	2026-07-18 10:00:02.000
kraken	SOL-USD	53	140.2085	0.7834	sell	2026-07-18 10:00:02.000
kraken	SOL-USD	54	139.5148	1.3847	sell	2026-07-18 10:00:02.000
coinbase	BTC-USD	55	105253.6531	0.6785	buy	2026-07-18 10:00:03.000
coinbase	BTC-USD	56	105046.5355	0.2783	sell	2026-07-18 10:00:03.000
coinbase	BTC-USD	57	104844.8368	0.5829	sell	2026-07-18 10:00:03.000
kraken	BTC-USD	58	105094.7916	1.785	buy	2026-07-18 10:00:03.000
kraken	BTC-USD	59	105226.4003	0.7822	sell	2026-07-18 10:00:03.000
kraken	BTC-USD	60	105345.3479	0.1706	buy	2026-07-18 10:00:03.000
coinbase	ETH-USD	61	3206.3546	0.3286	buy	2026-07-18 10:00:03.000
coinbase	ETH-USD	62	3204.3968	0.7635	sell	2026-07-18 10:00:03.000
coinbase	ETH-USD	63	3185.0095	1.7447	sell	2026-07-18 10:00:03.000
kraken	ETH-USD	64	3208.7099	1.4209	buy	2026-07-18 10:00:03.000
kraken	ETH-USD	65	3198.2513	0.5259	buy	2026-07-18 10:00:03.000
kraken	ETH-USD	66	3198.2837	1.771	buy	2026-07-18 10:00:03.000
coinbase	SOL-USD	67	140.5374	0.9942	sell	2026-07-18 10:00:03.000
coinbase	SOL-USD	68	140.4728	0.1092	sell	2026-07-18 10:00:03.000
coinbase	SOL-USD	69	139.5632	1.9988	buy	2026-07-18 10:00:03.000
kraken	SOL-USD	70	140.4724	0.2697	buy	2026-07-18 10:00:03.000
kraken	SOL-USD	71	139.8625	1.3602	sell	2026-07-18 10:00:03.000
kraken	SOL-USD	72	139.3047	0.0384	buy	2026-07-18 10:00:03.000
coinbase	BTC-USD	73	105504.2569	1.3548	buy	2026-07-18 10:00:04.000
coinbase	BTC-USD	74	104674.9829	1.2206	buy	2026-07-18 10:00:04.000
coinbase	BTC-USD	75	105392.3365	0.5672	buy	2026-07-18 10:00:04.000
kraken	BTC-USD	76	104580.1897	1.7093	sell	2026-07-18 10:00:04.000
kraken	BTC-USD	77	105134.0211	0.0535	sell	2026-07-18 10:00:04.000
kraken	BTC-USD	78	105314.8158	0.2404	sell	2026-07-18 10:00:04.000
coinbase	ETH-USD	79	3188.2695	1.0465	sell	2026-07-18 10:00:04.000
coinbase	ETH-USD	80	3187.6835	0.3173	buy	2026-07-18 10:00:04.000
coinbase	ETH-USD	81	3185.3535	0.4194	sell	2026-07-18 10:00:04.000
kraken	ETH-USD	82	3201.8674	1.8935	buy	2026-07-18 10:00:04.000
kraken	ETH-USD	83	3211.0835	1.9228	sell	2026-07-18 10:00:04.000
kraken	ETH-USD	84	3206.7954	1.8064	sell	2026-07-18 10:00:04.000
coinbase	SOL-USD	85	139.8214	1.0805	buy	2026-07-18 10:00:04.000
coinbase	SOL-USD	86	139.8258	0.5892	buy	2026-07-18 10:00:04.000
coinbase	SOL-USD	87	139.5114	0.6735	sell	2026-07-18 10:00:04.000
kraken	SOL-USD	88	140.3059	0.6831	buy	2026-07-18 10:00:04.000
kraken	SOL-USD	89	139.3577	0.3361	sell	2026-07-18 10:00:04.000
kraken	SOL-USD	90	139.8053	1.9787	buy	2026-07-18 10:00:04.000
coinbase	BTC-USD	91	104783.0774	0.9613	buy	2026-07-18 10:00:05.000
coinbase	BTC-USD	92	105455.4418	0.6227	buy	2026-07-18 10:00:05.000
coinbase	BTC-USD	93	104792.8042	1.6728	sell	2026-07-18 10:00:05.000
kraken	BTC-USD	94	104910.4577	0.2078	sell	2026-07-18 10:00:05.000
kraken	BTC-USD	95	104972.7049	1.6833	sell	2026-07-18 10:00:05.000
kraken	BTC-USD	96	104605.5410	0.2409	sell	2026-07-18 10:00:05.000
coinbase	ETH-USD	97	3197.6491	0.6108	buy	2026-07-18 10:00:05.000
coinbase	ETH-USD	98	3213.4300	1.2572	sell	2026-07-18 10:00:05.000
coinbase	ETH-USD	99	3209.7958	1.9831	buy	2026-07-18 10:00:05.000
kraken	ETH-USD	100	3186.1067	0.1785	buy	2026-07-18 10:00:05.000
kraken	ETH-USD	101	3185.9570	0.0256	sell	2026-07-18 10:00:05.000
kraken	ETH-USD	102	3201.8072	0.5867	sell	2026-07-18 10:00:05.000
coinbase	SOL-USD	103	140.4036	1.4317	buy	2026-07-18 10:00:05.000
coinbase	SOL-USD	104	139.8923	0.743	sell	2026-07-18 10:00:05.000
coinbase	SOL-USD	105	140.1193	0.3415	buy	2026-07-18 10:00:05.000
kraken	SOL-USD	106	139.8019	0.1371	buy	2026-07-18 10:00:05.000
kraken	SOL-USD	107	140.5642	0.9087	buy	2026-07-18 10:00:05.000
kraken	SOL-USD	108	139.4665	0.8019	buy	2026-07-18 10:00:05.000
coinbase	BTC-USD	109	105148.0471	1.9941	buy	2026-07-18 10:00:06.000
coinbase	BTC-USD	110	105129.5858	0.2182	sell	2026-07-18 10:00:06.000
coinbase	BTC-USD	111	104871.9336	1.0973	buy	2026-07-18 10:00:06.000
kraken	BTC-USD	112	104584.9836	1.1965	sell	2026-07-18 10:00:06.000
kraken	BTC-USD	113	104630.8221	0.8178	sell	2026-07-18 10:00:06.000
kraken	BTC-USD	114	105396.5394	0.9959	sell	2026-07-18 10:00:06.000
coinbase	ETH-USD	115	3210.6731	1.9964	buy	2026-07-18 10:00:06.000
coinbase	ETH-USD	116	3201.3699	1.8633	buy	2026-07-18 10:00:06.000
coinbase	ETH-USD	117	3194.8871	1.9255	sell	2026-07-18 10:00:06.000
kraken	ETH-USD	118	3210.1798	0.0806	buy	2026-07-18 10:00:06.000
kraken	ETH-USD	119	3211.9835	1.2091	buy	2026-07-18 10:00:06.000
kraken	ETH-USD	120	3210.9547	1.1701	sell	2026-07-18 10:00:06.000
coinbase	SOL-USD	121	139.3929	0.1784	buy	2026-07-18 10:00:06.000
coinbase	SOL-USD	122	139.3929	0.2697	sell	2026-07-18 10:00:06.000
coinbase	SOL-USD	123	139.3214	1.6895	sell	2026-07-18 10:00:06.000
kraken	SOL-USD	124	140.5067	1.6033	sell	2026-07-18 10:00:06.000
kraken	SOL-USD	125	140.6560	1.0149	buy	2026-07-18 10:00:06.000
kraken	SOL-USD	126	140.1034	1.3604	buy	2026-07-18 10:00:06.000
coinbase	BTC-USD	127	105259.3137	1.8125	buy	2026-07-18 10:00:07.000
coinbase	BTC-USD	128	104779.1473	1.8033	sell	2026-07-18 10:00:07.000
coinbase	BTC-USD	129	105341.9814	0.9696	sell	2026-07-18 10:00:07.000
kraken	BTC-USD	130	105112.8014	0.4748	buy	2026-07-18 10:00:07.000
kraken	BTC-USD	131	105164.8338	0.0105	buy	2026-07-18 10:00:07.000
kraken	BTC-USD	132	104792.5642	1.1448	sell	2026-07-18 10:00:07.000
coinbase	ETH-USD	133	3186.0999	1.7212	sell	2026-07-18 10:00:07.000
coinbase	ETH-USD	134	3208.7194	0.7745	sell	2026-07-18 10:00:07.000
coinbase	ETH-USD	135	3185.9923	1.2856	buy	2026-07-18 10:00:07.000
kraken	ETH-USD	136	3191.6465	1.4616	sell	2026-07-18 10:00:07.000
kraken	ETH-USD	137	3185.7769	0.0815	sell	2026-07-18 10:00:07.000
kraken	ETH-USD	138	3188.5090	1.781	buy	2026-07-18 10:00:07.000
coinbase	SOL-USD	139	140.2430	0.3112	sell	2026-07-18 10:00:07.000
coinbase	SOL-USD	140	139.8756	1.2274	sell	2026-07-18 10:00:07.000
coinbase	SOL-USD	141	139.9424	0.2119	buy	2026-07-18 10:00:07.000
kraken	SOL-USD	142	139.3283	1.2006	buy	2026-07-18 10:00:07.000
kraken	SOL-USD	143	140.1820	0.2195	sell	2026-07-18 10:00:07.000
kraken	SOL-USD	144	139.5730	1.569	sell	2026-07-18 10:00:07.000
coinbase	BTC-USD	145	104591.5468	0.1297	sell	2026-07-18 10:00:08.000
coinbase	BTC-USD	146	105120.0474	1.8685	buy	2026-07-18 10:00:08.000
coinbase	BTC-USD	147	105492.9597	1.4301	sell	2026-07-18 10:00:08.000
kraken	BTC-USD	148	105302.9948	0.2629	sell	2026-07-18 10:00:08.000
kraken	BTC-USD	149	105314.3083	1.8346	buy	2026-07-18 10:00:08.000
kraken	BTC-USD	150	105019.9577	1.5731	buy	2026-07-18 10:00:08.000
coinbase	ETH-USD	151	3185.2219	0.7901	sell	2026-07-18 10:00:08.000
coinbase	ETH-USD	152	3208.2117	0.9164	buy	2026-07-18 10:00:08.000
coinbase	ETH-USD	153	3214.6079	1.8048	buy	2026-07-18 10:00:08.000
kraken	ETH-USD	154	3199.5573	1.8031	buy	2026-07-18 10:00:08.000
kraken	ETH-USD	155	3191.3490	1.5549	sell	2026-07-18 10:00:08.000
kraken	ETH-USD	156	3200.2274	1.8915	buy	2026-07-18 10:00:08.000
coinbase	SOL-USD	157	139.8964	1.1364	buy	2026-07-18 10:00:08.000
coinbase	SOL-USD	158	140.6101	0.8371	buy	2026-07-18 10:00:08.000
coinbase	SOL-USD	159	139.8812	0.3208	buy	2026-07-18 10:00:08.000
kraken	SOL-USD	160	140.4079	0.8679	sell	2026-07-18 10:00:08.000
kraken	SOL-USD	161	139.3422	1.8394	sell	2026-07-18 10:00:08.000
kraken	SOL-USD	162	140.3116	0.1663	buy	2026-07-18 10:00:08.000
coinbase	BTC-USD	163	104602.4469	1.3866	sell	2026-07-18 10:00:09.000
coinbase	BTC-USD	164	104840.2716	0.0298	buy	2026-07-18 10:00:09.000
coinbase	BTC-USD	165	105334.9570	0.1503	buy	2026-07-18 10:00:09.000
kraken	BTC-USD	166	104693.3769	0.4175	buy	2026-07-18 10:00:09.000
kraken	BTC-USD	167	105260.3757	0.5936	buy	2026-07-18 10:00:09.000
kraken	BTC-USD	168	105454.4274	0.4734	buy	2026-07-18 10:00:09.000
coinbase	ETH-USD	169	3189.9837	0.2337	sell	2026-07-18 10:00:09.000
coinbase	ETH-USD	170	3206.6394	0.5239	buy	2026-07-18 10:00:09.000
coinbase	ETH-USD	171	3214.9286	0.7309	sell	2026-07-18 10:00:09.000
kraken	ETH-USD	172	3214.7490	0.5997	sell	2026-07-18 10:00:09.000
kraken	ETH-USD	173	3189.8895	1.986	buy	2026-07-18 10:00:09.000
kraken	ETH-USD	174	3201.0633	0.6224	sell	2026-07-18 10:00:09.000
coinbase	SOL-USD	175	140.5567	1.8919	buy	2026-07-18 10:00:09.000
coinbase	SOL-USD	176	139.7422	0.4932	buy	2026-07-18 10:00:09.000
coinbase	SOL-USD	177	139.7075	0.8454	buy	2026-07-18 10:00:09.000
kraken	SOL-USD	178	140.5054	1.2064	sell	2026-07-18 10:00:09.000
kraken	SOL-USD	179	139.4091	0.1557	sell	2026-07-18 10:00:09.000
kraken	SOL-USD	180	139.7191	0.8393	buy	2026-07-18 10:00:09.000
coinbase	BTC-USD	181	105095.6303	0.6031	sell	2026-07-18 10:00:10.000
coinbase	BTC-USD	182	104563.7835	0.8952	sell	2026-07-18 10:00:10.000
coinbase	BTC-USD	183	105143.8967	1.0631	sell	2026-07-18 10:00:10.000
kraken	BTC-USD	184	104904.0575	0.8403	sell	2026-07-18 10:00:10.000
kraken	BTC-USD	185	104938.3623	0.7495	sell	2026-07-18 10:00:10.000
kraken	BTC-USD	186	104570.6093	0.3791	buy	2026-07-18 10:00:10.000
coinbase	ETH-USD	187	3192.8630	1.1208	buy	2026-07-18 10:00:10.000
coinbase	ETH-USD	188	3209.4610	0.8979	sell	2026-07-18 10:00:10.000
coinbase	ETH-USD	189	3189.9322	0.8492	buy	2026-07-18 10:00:10.000
kraken	ETH-USD	190	3191.9346	0.9124	buy	2026-07-18 10:00:10.000
kraken	ETH-USD	191	3195.3718	1.2667	buy	2026-07-18 10:00:10.000
kraken	ETH-USD	192	3199.4652	0.4152	buy	2026-07-18 10:00:10.000
coinbase	SOL-USD	193	140.4622	0.9037	sell	2026-07-18 10:00:10.000
coinbase	SOL-USD	194	139.3109	0.6041	sell	2026-07-18 10:00:10.000
coinbase	SOL-USD	195	140.0633	0.3209	sell	2026-07-18 10:00:10.000
kraken	SOL-USD	196	139.4296	1.0004	buy	2026-07-18 10:00:10.000
kraken	SOL-USD	197	140.0612	0.8166	buy	2026-07-18 10:00:10.000
kraken	SOL-USD	198	139.4692	1.7686	buy	2026-07-18 10:00:10.000
coinbase	BTC-USD	199	104475.2659	0.8029	sell	2026-07-18 10:00:11.000
coinbase	BTC-USD	200	104941.8138	1.4956	sell	2026-07-18 10:00:11.000
coinbase	BTC-USD	201	104772.5663	1.5129	buy	2026-07-18 10:00:11.000
kraken	BTC-USD	202	105100.1804	0.0805	sell	2026-07-18 10:00:11.000
kraken	BTC-USD	203	104795.8841	0.6864	buy	2026-07-18 10:00:11.000
kraken	BTC-USD	204	105410.2339	1.5264	buy	2026-07-18 10:00:11.000
coinbase	ETH-USD	205	3197.2746	0.5865	buy	2026-07-18 10:00:11.000
coinbase	ETH-USD	206	3202.3674	1.258	buy	2026-07-18 10:00:11.000
coinbase	ETH-USD	207	3197.1457	1.2728	sell	2026-07-18 10:00:11.000
kraken	ETH-USD	208	3207.7257	1.8091	sell	2026-07-18 10:00:11.000
kraken	ETH-USD	209	3193.3521	0.7499	buy	2026-07-18 10:00:11.000
kraken	ETH-USD	210	3189.0262	1.3971	sell	2026-07-18 10:00:11.000
coinbase	SOL-USD	211	139.8617	0.9412	sell	2026-07-18 10:00:11.000
coinbase	SOL-USD	212	139.7957	0.9506	sell	2026-07-18 10:00:11.000
coinbase	SOL-USD	213	139.6052	0.9828	sell	2026-07-18 10:00:11.000
kraken	SOL-USD	214	139.9898	1.9173	sell	2026-07-18 10:00:11.000
kraken	SOL-USD	215	139.7203	1.493	buy	2026-07-18 10:00:11.000
kraken	SOL-USD	216	140.5423	0.4393	sell	2026-07-18 10:00:11.000
coinbase	BTC-USD	217	104970.1053	1.7782	buy	2026-07-18 10:00:12.000
coinbase	BTC-USD	218	105363.5361	1.958	buy	2026-07-18 10:00:12.000
coinbase	BTC-USD	219	105195.6113	1.4865	sell	2026-07-18 10:00:12.000
kraken	BTC-USD	220	104481.7446	0.0919	buy	2026-07-18 10:00:12.000
kraken	BTC-USD	221	105524.6694	1.7476	sell	2026-07-18 10:00:12.000
kraken	BTC-USD	222	105238.4550	0.4611	sell	2026-07-18 10:00:12.000
coinbase	ETH-USD	223	3190.1185	0.8737	sell	2026-07-18 10:00:12.000
coinbase	ETH-USD	224	3196.2922	0.6681	sell	2026-07-18 10:00:12.000
coinbase	ETH-USD	225	3188.7366	1.8671	buy	2026-07-18 10:00:12.000
kraken	ETH-USD	226	3200.7732	0.2672	buy	2026-07-18 10:00:12.000
kraken	ETH-USD	227	3198.2120	1.5808	sell	2026-07-18 10:00:12.000
kraken	ETH-USD	228	3197.6733	0.989	buy	2026-07-18 10:00:12.000
coinbase	SOL-USD	229	140.4138	0.8842	buy	2026-07-18 10:00:12.000
coinbase	SOL-USD	230	140.1211	0.1091	sell	2026-07-18 10:00:12.000
coinbase	SOL-USD	231	139.3466	1.27	buy	2026-07-18 10:00:12.000
kraken	SOL-USD	232	139.8091	1.4889	buy	2026-07-18 10:00:12.000
kraken	SOL-USD	233	139.6263	0.6021	buy	2026-07-18 10:00:12.000
kraken	SOL-USD	234	140.2869	1.0291	sell	2026-07-18 10:00:12.000
coinbase	BTC-USD	235	105285.0021	1.7671	sell	2026-07-18 10:00:13.000
coinbase	BTC-USD	236	104956.2090	1.2674	sell	2026-07-18 10:00:13.000
coinbase	BTC-USD	237	105085.0081	0.9855	sell	2026-07-18 10:00:13.000
kraken	BTC-USD	238	104701.1906	0.5391	buy	2026-07-18 10:00:13.000
kraken	BTC-USD	239	104530.1810	0.7061	sell	2026-07-18 10:00:13.000
kraken	BTC-USD	240	105162.3590	0.2894	sell	2026-07-18 10:00:13.000
coinbase	ETH-USD	241	3205.7761	1.9416	sell	2026-07-18 10:00:13.000
coinbase	ETH-USD	242	3201.8486	0.4497	buy	2026-07-18 10:00:13.000
coinbase	ETH-USD	243	3194.8641	0.2137	buy	2026-07-18 10:00:13.000
kraken	ETH-USD	244	3209.4333	0.6526	sell	2026-07-18 10:00:13.000
kraken	ETH-USD	245	3212.5912	0.5184	buy	2026-07-18 10:00:13.000
kraken	ETH-USD	246	3190.0842	0.1694	sell	2026-07-18 10:00:13.000
coinbase	SOL-USD	247	139.5629	0.4112	sell	2026-07-18 10:00:13.000
coinbase	SOL-USD	248	139.7371	1.7214	sell	2026-07-18 10:00:13.000
coinbase	SOL-USD	249	139.9749	1.7452	buy	2026-07-18 10:00:13.000
kraken	SOL-USD	250	139.3623	1.869	buy	2026-07-18 10:00:13.000
kraken	SOL-USD	251	139.3129	0.9956	sell	2026-07-18 10:00:13.000
kraken	SOL-USD	252	139.3665	1.6199	sell	2026-07-18 10:00:13.000
coinbase	BTC-USD	253	104958.5373	0.2451	buy	2026-07-18 10:00:14.000
coinbase	BTC-USD	254	104728.2016	1.6543	buy	2026-07-18 10:00:14.000
coinbase	BTC-USD	255	104909.7135	1.8393	sell	2026-07-18 10:00:14.000
kraken	BTC-USD	256	105118.3945	1.6378	sell	2026-07-18 10:00:14.000
kraken	BTC-USD	257	104516.3193	0.369	sell	2026-07-18 10:00:14.000
kraken	BTC-USD	258	104706.0530	1.6825	sell	2026-07-18 10:00:14.000
coinbase	ETH-USD	259	3213.9027	0.646	sell	2026-07-18 10:00:14.000
coinbase	ETH-USD	260	3187.4331	1.8003	buy	2026-07-18 10:00:14.000
coinbase	ETH-USD	261	3206.7542	1.5572	sell	2026-07-18 10:00:14.000
kraken	ETH-USD	262	3201.1573	0.5294	buy	2026-07-18 10:00:14.000
kraken	ETH-USD	263	3184.5299	1.2336	buy	2026-07-18 10:00:14.000
kraken	ETH-USD	264	3189.5224	0.8352	buy	2026-07-18 10:00:14.000
coinbase	SOL-USD	265	139.6984	1.4748	buy	2026-07-18 10:00:14.000
coinbase	SOL-USD	266	140.3387	1.0354	buy	2026-07-18 10:00:14.000
coinbase	SOL-USD	267	139.4705	1.2939	buy	2026-07-18 10:00:14.000
kraken	SOL-USD	268	140.6596	1.1337	buy	2026-07-18 10:00:14.000
kraken	SOL-USD	269	140.2448	1.4099	sell	2026-07-18 10:00:14.000
kraken	SOL-USD	270	139.6102	1.6653	buy	2026-07-18 10:00:14.000
coinbase	BTC-USD	271	104543.0265	0.622	sell	2026-07-18 10:00:15.000
coinbase	BTC-USD	272	104720.2833	1.2607	sell	2026-07-18 10:00:15.000
coinbase	BTC-USD	273	105086.1634	0.2832	buy	2026-07-18 10:00:15.000
kraken	BTC-USD	274	105055.7789	0.6625	buy	2026-07-18 10:00:15.000
kraken	BTC-USD	275	105327.5955	1.7549	buy	2026-07-18 10:00:15.000
kraken	BTC-USD	276	105499.5444	1.0258	buy	2026-07-18 10:00:15.000
coinbase	ETH-USD	277	3188.3386	0.4209	sell	2026-07-18 10:00:15.000
coinbase	ETH-USD	278	3202.2239	1.3944	buy	2026-07-18 10:00:15.000
coinbase	ETH-USD	279	3191.5301	0.2729	buy	2026-07-18 10:00:15.000
kraken	ETH-USD	280	3208.3189	0.7134	buy	2026-07-18 10:00:15.000
kraken	ETH-USD	281	3204.1277	1.8026	buy	2026-07-18 10:00:15.000
kraken	ETH-USD	282	3203.7125	0.0618	sell	2026-07-18 10:00:15.000
coinbase	SOL-USD	283	139.9849	0.6243	buy	2026-07-18 10:00:15.000
coinbase	SOL-USD	284	140.0777	0.3344	sell	2026-07-18 10:00:15.000
coinbase	SOL-USD	285	140.4329	1.4774	sell	2026-07-18 10:00:15.000
kraken	SOL-USD	286	140.2859	0.1668	buy	2026-07-18 10:00:15.000
kraken	SOL-USD	287	140.1460	1.4098	sell	2026-07-18 10:00:15.000
kraken	SOL-USD	288	140.3995	0.7743	buy	2026-07-18 10:00:15.000
coinbase	BTC-USD	289	104694.0966	0.6372	buy	2026-07-18 10:00:16.000
coinbase	BTC-USD	290	104835.3236	0.888	buy	2026-07-18 10:00:16.000
coinbase	BTC-USD	291	104748.1119	1.3465	sell	2026-07-18 10:00:16.000
kraken	BTC-USD	292	104492.8253	1.1515	buy	2026-07-18 10:00:16.000
kraken	BTC-USD	293	105243.9295	0.3109	buy	2026-07-18 10:00:16.000
kraken	BTC-USD	294	104990.6625	0.132	buy	2026-07-18 10:00:16.000
coinbase	ETH-USD	295	3185.4388	0.4593	sell	2026-07-18 10:00:16.000
coinbase	ETH-USD	296	3186.1294	0.1342	sell	2026-07-18 10:00:16.000
coinbase	ETH-USD	297	3188.3472	1.8447	sell	2026-07-18 10:00:16.000
kraken	ETH-USD	298	3197.9268	0.7225	buy	2026-07-18 10:00:16.000
kraken	ETH-USD	299	3204.7704	1.4588	sell	2026-07-18 10:00:16.000
kraken	ETH-USD	300	3196.2454	0.8245	sell	2026-07-18 10:00:16.000
coinbase	SOL-USD	301	140.0472	1.6112	sell	2026-07-18 10:00:16.000
coinbase	SOL-USD	302	140.3627	1.1338	buy	2026-07-18 10:00:16.000
coinbase	SOL-USD	303	139.8725	0.7867	buy	2026-07-18 10:00:16.000
kraken	SOL-USD	304	140.0008	1.2475	buy	2026-07-18 10:00:16.000
kraken	SOL-USD	305	139.4115	0.4824	buy	2026-07-18 10:00:16.000
kraken	SOL-USD	306	139.6455	0.0537	buy	2026-07-18 10:00:16.000
coinbase	BTC-USD	307	105254.9523	1.6783	buy	2026-07-18 10:00:17.000
coinbase	BTC-USD	308	105228.6824	0.8601	buy	2026-07-18 10:00:17.000
coinbase	BTC-USD	309	105126.5357	0.9204	buy	2026-07-18 10:00:17.000
kraken	BTC-USD	310	105120.6840	0.0897	sell	2026-07-18 10:00:17.000
kraken	BTC-USD	311	105321.1894	1.4681	buy	2026-07-18 10:00:17.000
kraken	BTC-USD	312	105132.0524	1.7801	sell	2026-07-18 10:00:17.000
coinbase	ETH-USD	313	3186.8678	0.5925	buy	2026-07-18 10:00:17.000
coinbase	ETH-USD	314	3198.6597	1.0198	buy	2026-07-18 10:00:17.000
coinbase	ETH-USD	315	3207.5360	0.8154	sell	2026-07-18 10:00:17.000
kraken	ETH-USD	316	3209.7064	1.8894	buy	2026-07-18 10:00:17.000
kraken	ETH-USD	317	3193.9445	1.8021	sell	2026-07-18 10:00:17.000
kraken	ETH-USD	318	3215.2745	1.5481	sell	2026-07-18 10:00:17.000
coinbase	SOL-USD	319	140.6077	0.0862	sell	2026-07-18 10:00:17.000
coinbase	SOL-USD	320	140.3099	0.8135	sell	2026-07-18 10:00:17.000
coinbase	SOL-USD	321	139.3716	0.5534	buy	2026-07-18 10:00:17.000
kraken	SOL-USD	322	139.6555	1.364	sell	2026-07-18 10:00:17.000
kraken	SOL-USD	323	140.6929	1.5265	sell	2026-07-18 10:00:17.000
kraken	SOL-USD	324	139.8405	1.6705	sell	2026-07-18 10:00:17.000
coinbase	BTC-USD	325	104694.4182	1.1364	sell	2026-07-18 10:00:18.000
coinbase	BTC-USD	326	105320.0394	1.8868	buy	2026-07-18 10:00:18.000
coinbase	BTC-USD	327	105090.4531	1.443	sell	2026-07-18 10:00:18.000
kraken	BTC-USD	328	104645.6786	1.7374	buy	2026-07-18 10:00:18.000
kraken	BTC-USD	329	104822.1914	1.4973	buy	2026-07-18 10:00:18.000
kraken	BTC-USD	330	105089.1793	0.112	buy	2026-07-18 10:00:18.000
coinbase	ETH-USD	331	3214.4738	0.7328	sell	2026-07-18 10:00:18.000
coinbase	ETH-USD	332	3194.3361	1.5677	sell	2026-07-18 10:00:18.000
coinbase	ETH-USD	333	3215.5991	0.012	buy	2026-07-18 10:00:18.000
kraken	ETH-USD	334	3202.1953	0.8894	sell	2026-07-18 10:00:18.000
kraken	ETH-USD	335	3213.7403	1.8977	sell	2026-07-18 10:00:18.000
kraken	ETH-USD	336	3213.1170	1.3318	sell	2026-07-18 10:00:18.000
coinbase	SOL-USD	337	140.3462	0.3834	sell	2026-07-18 10:00:18.000
coinbase	SOL-USD	338	139.6902	1.662	buy	2026-07-18 10:00:18.000
coinbase	SOL-USD	339	139.3886	1.2824	buy	2026-07-18 10:00:18.000
kraken	SOL-USD	340	140.6183	1.2679	sell	2026-07-18 10:00:18.000
kraken	SOL-USD	341	140.3567	0.5389	sell	2026-07-18 10:00:18.000
kraken	SOL-USD	342	139.3191	1.5593	sell	2026-07-18 10:00:18.000
coinbase	BTC-USD	343	105468.5667	1.0804	sell	2026-07-18 10:00:19.000
coinbase	BTC-USD	344	105514.5949	0.3881	sell	2026-07-18 10:00:19.000
coinbase	BTC-USD	345	105306.0895	1.691	buy	2026-07-18 10:00:19.000
kraken	BTC-USD	346	105298.8819	1.4058	sell	2026-07-18 10:00:19.000
kraken	BTC-USD	347	104853.9886	1.8995	sell	2026-07-18 10:00:19.000
kraken	BTC-USD	348	105143.4986	1.599	buy	2026-07-18 10:00:19.000
coinbase	ETH-USD	349	3212.7941	0.7308	buy	2026-07-18 10:00:19.000
coinbase	ETH-USD	350	3205.7683	1.2655	sell	2026-07-18 10:00:19.000
coinbase	ETH-USD	351	3184.6125	1.4732	buy	2026-07-18 10:00:19.000
kraken	ETH-USD	352	3192.7831	1.8904	sell	2026-07-18 10:00:19.000
kraken	ETH-USD	353	3186.4936	0.9019	sell	2026-07-18 10:00:19.000
kraken	ETH-USD	354	3211.6404	1.791	buy	2026-07-18 10:00:19.000
coinbase	SOL-USD	355	140.6412	0.3373	buy	2026-07-18 10:00:19.000
coinbase	SOL-USD	356	140.5992	1.2732	sell	2026-07-18 10:00:19.000
coinbase	SOL-USD	357	139.6538	1.7648	sell	2026-07-18 10:00:19.000
kraken	SOL-USD	358	140.1536	0.1904	buy	2026-07-18 10:00:19.000
kraken	SOL-USD	359	139.9895	1.5274	buy	2026-07-18 10:00:19.000
kraken	SOL-USD	360	140.3673	0.7794	sell	2026-07-18 10:00:19.000
coinbase	BTC-USD	361	105206.9541	1.6469	sell	2026-07-18 10:00:20.000
coinbase	BTC-USD	362	104847.3122	1.1419	sell	2026-07-18 10:00:20.000
coinbase	BTC-USD	363	104819.5216	0.0584	sell	2026-07-18 10:00:20.000
kraken	BTC-USD	364	105441.9664	0.2793	buy	2026-07-18 10:00:20.000
kraken	BTC-USD	365	105069.2153	0.7014	buy	2026-07-18 10:00:20.000
kraken	BTC-USD	366	104547.8420	1.4374	sell	2026-07-18 10:00:20.000
coinbase	ETH-USD	367	3185.3798	1.857	buy	2026-07-18 10:00:20.000
coinbase	ETH-USD	368	3194.0736	1.8115	sell	2026-07-18 10:00:20.000
coinbase	ETH-USD	369	3197.0053	0.2928	buy	2026-07-18 10:00:20.000
kraken	ETH-USD	370	3196.9345	0.6191	buy	2026-07-18 10:00:20.000
kraken	ETH-USD	371	3189.2132	1.7867	sell	2026-07-18 10:00:20.000
kraken	ETH-USD	372	3206.5700	1.4354	buy	2026-07-18 10:00:20.000
coinbase	SOL-USD	373	140.3217	1.044	sell	2026-07-18 10:00:20.000
coinbase	SOL-USD	374	140.6296	0.6959	buy	2026-07-18 10:00:20.000
coinbase	SOL-USD	375	139.4130	0.3571	sell	2026-07-18 10:00:20.000
kraken	SOL-USD	376	139.5822	0.5293	sell	2026-07-18 10:00:20.000
kraken	SOL-USD	377	140.3953	1.0397	sell	2026-07-18 10:00:20.000
kraken	SOL-USD	378	140.6980	0.3188	sell	2026-07-18 10:00:20.000
coinbase	BTC-USD	379	105055.3628	0.0868	buy	2026-07-18 10:00:21.000
coinbase	BTC-USD	380	105148.6271	0.0773	sell	2026-07-18 10:00:21.000
coinbase	BTC-USD	381	105333.6901	0.1526	sell	2026-07-18 10:00:21.000
kraken	BTC-USD	382	105116.4373	1.6264	buy	2026-07-18 10:00:21.000
kraken	BTC-USD	383	105220.0073	1.8262	buy	2026-07-18 10:00:21.000
kraken	BTC-USD	384	104975.3098	1.1163	buy	2026-07-18 10:00:21.000
coinbase	ETH-USD	385	3210.2590	0.6933	buy	2026-07-18 10:00:21.000
coinbase	ETH-USD	386	3187.3274	1.219	sell	2026-07-18 10:00:21.000
coinbase	ETH-USD	387	3194.7458	0.7624	sell	2026-07-18 10:00:21.000
kraken	ETH-USD	388	3215.5919	1.7243	buy	2026-07-18 10:00:21.000
kraken	ETH-USD	389	3188.3555	1.8518	buy	2026-07-18 10:00:21.000
kraken	ETH-USD	390	3207.4801	0.0482	buy	2026-07-18 10:00:21.000
coinbase	SOL-USD	391	139.3618	1.2943	sell	2026-07-18 10:00:21.000
coinbase	SOL-USD	392	140.4155	1.8242	buy	2026-07-18 10:00:21.000
coinbase	SOL-USD	393	139.8010	1.672	buy	2026-07-18 10:00:21.000
kraken	SOL-USD	394	139.8715	0.887	sell	2026-07-18 10:00:21.000
kraken	SOL-USD	395	140.2412	1.1298	sell	2026-07-18 10:00:21.000
kraken	SOL-USD	396	139.8771	0.0711	sell	2026-07-18 10:00:21.000
coinbase	BTC-USD	397	104675.0181	0.7814	sell	2026-07-18 10:00:22.000
coinbase	BTC-USD	398	104576.1205	0.0621	buy	2026-07-18 10:00:22.000
coinbase	BTC-USD	399	104660.9412	1.2359	buy	2026-07-18 10:00:22.000
kraken	BTC-USD	400	104813.9434	1.5836	sell	2026-07-18 10:00:22.000
kraken	BTC-USD	401	104975.3592	1.7174	sell	2026-07-18 10:00:22.000
kraken	BTC-USD	402	105305.2659	1.7183	sell	2026-07-18 10:00:22.000
coinbase	ETH-USD	403	3184.8895	1.0366	buy	2026-07-18 10:00:22.000
coinbase	ETH-USD	404	3194.6756	1.9107	sell	2026-07-18 10:00:22.000
coinbase	ETH-USD	405	3214.9807	0.317	sell	2026-07-18 10:00:22.000
kraken	ETH-USD	406	3214.7146	0.0114	sell	2026-07-18 10:00:22.000
kraken	ETH-USD	407	3189.0195	1.1011	buy	2026-07-18 10:00:22.000
kraken	ETH-USD	408	3189.1379	1.5609	buy	2026-07-18 10:00:22.000
coinbase	SOL-USD	409	140.1962	0.4927	sell	2026-07-18 10:00:22.000
coinbase	SOL-USD	410	140.6238	0.971	sell	2026-07-18 10:00:22.000
coinbase	SOL-USD	411	139.3618	0.4882	sell	2026-07-18 10:00:22.000
kraken	SOL-USD	412	139.7600	1.9328	sell	2026-07-18 10:00:22.000
kraken	SOL-USD	413	139.6165	1.7579	sell	2026-07-18 10:00:22.000
kraken	SOL-USD	414	139.8086	1.1351	sell	2026-07-18 10:00:22.000
coinbase	BTC-USD	415	105068.1644	0.0368	buy	2026-07-18 10:00:23.000
coinbase	BTC-USD	416	105196.2871	1.4397	buy	2026-07-18 10:00:23.000
coinbase	BTC-USD	417	105524.8756	0.0488	sell	2026-07-18 10:00:23.000
kraken	BTC-USD	418	105010.5924	0.086	buy	2026-07-18 10:00:23.000
kraken	BTC-USD	419	105076.6513	0.3039	buy	2026-07-18 10:00:23.000
kraken	BTC-USD	420	105182.2705	0.7659	buy	2026-07-18 10:00:23.000
coinbase	ETH-USD	421	3197.3996	1.1404	sell	2026-07-18 10:00:23.000
coinbase	ETH-USD	422	3206.7586	1.8458	sell	2026-07-18 10:00:23.000
coinbase	ETH-USD	423	3200.3281	1.0714	buy	2026-07-18 10:00:23.000
kraken	ETH-USD	424	3188.1535	1.1366	sell	2026-07-18 10:00:23.000
kraken	ETH-USD	425	3214.9136	0.8688	sell	2026-07-18 10:00:23.000
kraken	ETH-USD	426	3191.8607	0.7697	sell	2026-07-18 10:00:23.000
coinbase	SOL-USD	427	139.6361	0.9676	buy	2026-07-18 10:00:23.000
coinbase	SOL-USD	428	140.4698	1.996	sell	2026-07-18 10:00:23.000
coinbase	SOL-USD	429	140.0593	1.212	sell	2026-07-18 10:00:23.000
kraken	SOL-USD	430	140.5275	0.5598	sell	2026-07-18 10:00:23.000
kraken	SOL-USD	431	140.5143	0.7876	buy	2026-07-18 10:00:23.000
kraken	SOL-USD	432	140.0483	1.7066	buy	2026-07-18 10:00:23.000
coinbase	BTC-USD	433	105224.1496	0.0633	sell	2026-07-18 10:00:24.000
coinbase	BTC-USD	434	105242.5526	1.9532	sell	2026-07-18 10:00:24.000
coinbase	BTC-USD	435	105445.7925	1.4293	sell	2026-07-18 10:00:24.000
kraken	BTC-USD	436	104644.4480	0.6876	sell	2026-07-18 10:00:24.000
kraken	BTC-USD	437	104641.9598	1.8376	sell	2026-07-18 10:00:24.000
kraken	BTC-USD	438	105274.9225	0.2339	sell	2026-07-18 10:00:24.000
coinbase	ETH-USD	439	3195.0535	1.2609	sell	2026-07-18 10:00:24.000
coinbase	ETH-USD	440	3204.1686	1.5093	buy	2026-07-18 10:00:24.000
coinbase	ETH-USD	441	3212.0684	0.5227	sell	2026-07-18 10:00:24.000
kraken	ETH-USD	442	3193.4734	1.2725	sell	2026-07-18 10:00:24.000
kraken	ETH-USD	443	3201.6459	0.0795	sell	2026-07-18 10:00:24.000
kraken	ETH-USD	444	3192.6102	1.4585	sell	2026-07-18 10:00:24.000
coinbase	SOL-USD	445	139.4878	0.2295	sell	2026-07-18 10:00:24.000
coinbase	SOL-USD	446	139.5321	0.8668	sell	2026-07-18 10:00:24.000
coinbase	SOL-USD	447	139.9489	1.2874	buy	2026-07-18 10:00:24.000
kraken	SOL-USD	448	140.3889	1.0944	buy	2026-07-18 10:00:24.000
kraken	SOL-USD	449	139.5369	0.4229	buy	2026-07-18 10:00:24.000
kraken	SOL-USD	450	139.3416	0.2798	sell	2026-07-18 10:00:24.000
coinbase	BTC-USD	451	104849.8228	1.7649	sell	2026-07-18 10:00:25.000
coinbase	BTC-USD	452	105227.2695	0.677	buy	2026-07-18 10:00:25.000
coinbase	BTC-USD	453	105317.6898	1.8291	sell	2026-07-18 10:00:25.000
kraken	BTC-USD	454	105287.0916	0.5309	buy	2026-07-18 10:00:25.000
kraken	BTC-USD	455	104834.5973	1.0081	sell	2026-07-18 10:00:25.000
kraken	BTC-USD	456	105034.7880	0.2977	sell	2026-07-18 10:00:25.000
coinbase	ETH-USD	457	3215.5054	1.4901	sell	2026-07-18 10:00:25.000
coinbase	ETH-USD	458	3191.5052	1.8305	sell	2026-07-18 10:00:25.000
coinbase	ETH-USD	459	3195.0888	1.8979	sell	2026-07-18 10:00:25.000
kraken	ETH-USD	460	3214.8683	1.9918	buy	2026-07-18 10:00:25.000
kraken	ETH-USD	461	3205.8700	0.3165	buy	2026-07-18 10:00:25.000
kraken	ETH-USD	462	3202.6717	1.2718	buy	2026-07-18 10:00:25.000
coinbase	SOL-USD	463	140.2756	1.2982	buy	2026-07-18 10:00:25.000
coinbase	SOL-USD	464	140.1341	1.2102	buy	2026-07-18 10:00:25.000
coinbase	SOL-USD	465	139.6734	1.4665	buy	2026-07-18 10:00:25.000
kraken	SOL-USD	466	139.8262	1.5888	buy	2026-07-18 10:00:25.000
kraken	SOL-USD	467	139.4616	0.7307	sell	2026-07-18 10:00:25.000
kraken	SOL-USD	468	139.7457	1.3552	sell	2026-07-18 10:00:25.000
coinbase	BTC-USD	469	105088.4655	0.5152	sell	2026-07-18 10:00:26.000
coinbase	BTC-USD	470	105327.6921	0.4651	buy	2026-07-18 10:00:26.000
coinbase	BTC-USD	471	105064.7273	1.6562	buy	2026-07-18 10:00:26.000
kraken	BTC-USD	472	105294.5460	1.0209	buy	2026-07-18 10:00:26.000
kraken	BTC-USD	473	104502.0706	1.29	buy	2026-07-18 10:00:26.000
kraken	BTC-USD	474	105397.5918	1.0391	buy	2026-07-18 10:00:26.000
coinbase	ETH-USD	475	3198.0219	1.3705	sell	2026-07-18 10:00:26.000
coinbase	ETH-USD	476	3184.6774	0.2772	sell	2026-07-18 10:00:26.000
coinbase	ETH-USD	477	3189.4827	0.8875	buy	2026-07-18 10:00:26.000
kraken	ETH-USD	478	3213.3202	1.8597	buy	2026-07-18 10:00:26.000
kraken	ETH-USD	479	3204.6098	0.8163	buy	2026-07-18 10:00:26.000
kraken	ETH-USD	480	3200.2174	0.9165	sell	2026-07-18 10:00:26.000
coinbase	SOL-USD	481	140.1680	0.5447	sell	2026-07-18 10:00:26.000
coinbase	SOL-USD	482	140.0711	0.7942	sell	2026-07-18 10:00:26.000
coinbase	SOL-USD	483	139.5534	1.0866	buy	2026-07-18 10:00:26.000
kraken	SOL-USD	484	139.7234	1.2216	buy	2026-07-18 10:00:26.000
kraken	SOL-USD	485	139.9397	1.9252	sell	2026-07-18 10:00:26.000
kraken	SOL-USD	486	139.8505	1.9066	buy	2026-07-18 10:00:26.000
coinbase	BTC-USD	487	104753.8029	0.467	buy	2026-07-18 10:00:27.000
coinbase	BTC-USD	488	104786.5284	0.7253	buy	2026-07-18 10:00:27.000
coinbase	BTC-USD	489	104620.5651	1.7295	buy	2026-07-18 10:00:27.000
kraken	BTC-USD	490	105090.8197	0.405	buy	2026-07-18 10:00:27.000
kraken	BTC-USD	491	105380.1379	1.121	sell	2026-07-18 10:00:27.000
kraken	BTC-USD	492	105224.8233	0.223	sell	2026-07-18 10:00:27.000
coinbase	ETH-USD	493	3201.9055	1.7507	sell	2026-07-18 10:00:27.000
coinbase	ETH-USD	494	3211.9227	1.3746	buy	2026-07-18 10:00:27.000
coinbase	ETH-USD	495	3191.2528	1.6788	sell	2026-07-18 10:00:27.000
kraken	ETH-USD	496	3192.7826	0.0279	sell	2026-07-18 10:00:27.000
kraken	ETH-USD	497	3214.3009	1.0229	sell	2026-07-18 10:00:27.000
kraken	ETH-USD	498	3186.9333	0.6165	sell	2026-07-18 10:00:27.000
coinbase	SOL-USD	499	139.6168	0.7413	sell	2026-07-18 10:00:27.000
coinbase	SOL-USD	500	140.5050	0.2995	sell	2026-07-18 10:00:27.000
coinbase	SOL-USD	501	140.6102	1.4874	sell	2026-07-18 10:00:27.000
kraken	SOL-USD	502	140.2240	1.5653	sell	2026-07-18 10:00:27.000
kraken	SOL-USD	503	139.8381	0.2674	buy	2026-07-18 10:00:27.000
kraken	SOL-USD	504	139.8617	1.0055	sell	2026-07-18 10:00:27.000
coinbase	BTC-USD	505	104715.0799	1.4215	sell	2026-07-18 10:00:28.000
coinbase	BTC-USD	506	104928.5184	0.7248	sell	2026-07-18 10:00:28.000
coinbase	BTC-USD	507	105280.6902	1.4316	sell	2026-07-18 10:00:28.000
kraken	BTC-USD	508	105384.8404	0.9647	sell	2026-07-18 10:00:28.000
kraken	BTC-USD	509	104601.6589	0.317	buy	2026-07-18 10:00:28.000
kraken	BTC-USD	510	105255.4879	1.86	sell	2026-07-18 10:00:28.000
coinbase	ETH-USD	511	3199.9778	0.2288	sell	2026-07-18 10:00:28.000
coinbase	ETH-USD	512	3215.2099	0.935	sell	2026-07-18 10:00:28.000
coinbase	ETH-USD	513	3215.3613	1.9535	buy	2026-07-18 10:00:28.000
kraken	ETH-USD	514	3205.6201	1.0094	sell	2026-07-18 10:00:28.000
kraken	ETH-USD	515	3191.4450	1.0407	buy	2026-07-18 10:00:28.000
kraken	ETH-USD	516	3186.9406	0.6411	buy	2026-07-18 10:00:28.000
coinbase	SOL-USD	517	140.4491	0.8684	buy	2026-07-18 10:00:28.000
coinbase	SOL-USD	518	140.1055	0.0905	buy	2026-07-18 10:00:28.000
coinbase	SOL-USD	519	139.6688	1.4536	buy	2026-07-18 10:00:28.000
kraken	SOL-USD	520	139.4584	1.5964	sell	2026-07-18 10:00:28.000
kraken	SOL-USD	521	139.3396	1.9062	buy	2026-07-18 10:00:28.000
kraken	SOL-USD	522	139.8357	0.019	buy	2026-07-18 10:00:28.000
coinbase	BTC-USD	523	105337.5809	1.2157	buy	2026-07-18 10:00:29.000
coinbase	BTC-USD	524	104560.6426	0.9375	buy	2026-07-18 10:00:29.000
coinbase	BTC-USD	525	105021.2317	1.2466	sell	2026-07-18 10:00:29.000
kraken	BTC-USD	526	104545.1177	0.3625	buy	2026-07-18 10:00:29.000
kraken	BTC-USD	527	104713.2972	0.8367	sell	2026-07-18 10:00:29.000
kraken	BTC-USD	528	105322.7508	0.8773	sell	2026-07-18 10:00:29.000
coinbase	ETH-USD	529	3215.2341	0.092	sell	2026-07-18 10:00:29.000
coinbase	ETH-USD	530	3184.9137	0.7007	sell	2026-07-18 10:00:29.000
coinbase	ETH-USD	531	3210.4665	1.3576	buy	2026-07-18 10:00:29.000
kraken	ETH-USD	532	3203.0689	0.1932	buy	2026-07-18 10:00:29.000
kraken	ETH-USD	533	3206.8749	0.553	buy	2026-07-18 10:00:29.000
kraken	ETH-USD	534	3203.8662	1.3211	sell	2026-07-18 10:00:29.000
coinbase	SOL-USD	535	139.5899	1.952	sell	2026-07-18 10:00:29.000
coinbase	SOL-USD	536	139.5823	1.0209	buy	2026-07-18 10:00:29.000
coinbase	SOL-USD	537	140.0834	1.3893	sell	2026-07-18 10:00:29.000
kraken	SOL-USD	538	139.4744	1.7876	sell	2026-07-18 10:00:29.000
kraken	SOL-USD	539	139.5501	1.1001	buy	2026-07-18 10:00:29.000
kraken	SOL-USD	540	139.8827	0.7607	sell	2026-07-18 10:00:29.000
coinbase	BTC-USD	541	105336.0937	1.7279	sell	2026-07-18 10:00:30.000
coinbase	BTC-USD	542	104735.8936	0.9663	sell	2026-07-18 10:00:30.000
coinbase	BTC-USD	543	104500.1115	1.4496	buy	2026-07-18 10:00:30.000
kraken	BTC-USD	544	105055.0870	1.9176	sell	2026-07-18 10:00:30.000
kraken	BTC-USD	545	104710.1827	0.4897	sell	2026-07-18 10:00:30.000
kraken	BTC-USD	546	104973.8504	0.4642	sell	2026-07-18 10:00:30.000
coinbase	ETH-USD	547	3195.5193	0.9775	buy	2026-07-18 10:00:30.000
coinbase	ETH-USD	548	3215.0038	1.0495	buy	2026-07-18 10:00:30.000
coinbase	ETH-USD	549	3190.0034	1.8662	buy	2026-07-18 10:00:30.000
kraken	ETH-USD	550	3214.2783	0.3187	buy	2026-07-18 10:00:30.000
kraken	ETH-USD	551	3194.7021	1.2474	buy	2026-07-18 10:00:30.000
kraken	ETH-USD	552	3208.5039	0.9425	buy	2026-07-18 10:00:30.000
coinbase	SOL-USD	553	139.8761	0.3922	sell	2026-07-18 10:00:30.000
coinbase	SOL-USD	554	139.3660	1.8967	sell	2026-07-18 10:00:30.000
coinbase	SOL-USD	555	140.5427	1.3673	buy	2026-07-18 10:00:30.000
kraken	SOL-USD	556	140.3135	0.3746	sell	2026-07-18 10:00:30.000
kraken	SOL-USD	557	139.5130	1.3806	sell	2026-07-18 10:00:30.000
kraken	SOL-USD	558	140.5584	1.1458	buy	2026-07-18 10:00:30.000
coinbase	BTC-USD	559	105102.9670	0.0755	sell	2026-07-18 10:00:31.000
coinbase	BTC-USD	560	105425.1977	1.6886	buy	2026-07-18 10:00:31.000
coinbase	BTC-USD	561	104475.5401	0.1339	buy	2026-07-18 10:00:31.000
kraken	BTC-USD	562	104940.3802	1.3517	buy	2026-07-18 10:00:31.000
kraken	BTC-USD	563	105168.8728	0.227	sell	2026-07-18 10:00:31.000
kraken	BTC-USD	564	105445.8371	1.2718	sell	2026-07-18 10:00:31.000
coinbase	ETH-USD	565	3212.3332	0.6829	buy	2026-07-18 10:00:31.000
coinbase	ETH-USD	566	3189.2228	1.1192	sell	2026-07-18 10:00:31.000
coinbase	ETH-USD	567	3206.9602	0.7877	sell	2026-07-18 10:00:31.000
kraken	ETH-USD	568	3211.0719	0.9425	buy	2026-07-18 10:00:31.000
kraken	ETH-USD	569	3191.0328	0.2355	buy	2026-07-18 10:00:31.000
kraken	ETH-USD	570	3214.5230	0.7942	sell	2026-07-18 10:00:31.000
coinbase	SOL-USD	571	140.2909	0.4279	sell	2026-07-18 10:00:31.000
coinbase	SOL-USD	572	140.2859	0.0523	buy	2026-07-18 10:00:31.000
coinbase	SOL-USD	573	139.4226	0.8306	sell	2026-07-18 10:00:31.000
kraken	SOL-USD	574	140.0572	1.2704	buy	2026-07-18 10:00:31.000
kraken	SOL-USD	575	140.0432	1.8138	sell	2026-07-18 10:00:31.000
kraken	SOL-USD	576	139.8322	1.079	buy	2026-07-18 10:00:31.000
coinbase	BTC-USD	577	105110.0887	1.4637	buy	2026-07-18 10:00:32.000
coinbase	BTC-USD	578	104689.1544	1.2379	sell	2026-07-18 10:00:32.000
coinbase	BTC-USD	579	104802.6879	1.4926	buy	2026-07-18 10:00:32.000
kraken	BTC-USD	580	105119.5580	1.7325	sell	2026-07-18 10:00:32.000
kraken	BTC-USD	581	104636.0485	0.5242	sell	2026-07-18 10:00:32.000
kraken	BTC-USD	582	104767.3800	1.6785	buy	2026-07-18 10:00:32.000
coinbase	ETH-USD	583	3196.2470	1.4945	sell	2026-07-18 10:00:32.000
coinbase	ETH-USD	584	3191.3058	1.1846	buy	2026-07-18 10:00:32.000
coinbase	ETH-USD	585	3185.4083	0.6379	sell	2026-07-18 10:00:32.000
kraken	ETH-USD	586	3186.0255	1.9862	sell	2026-07-18 10:00:32.000
kraken	ETH-USD	587	3197.9104	0.7772	buy	2026-07-18 10:00:32.000
kraken	ETH-USD	588	3187.7311	1.2182	buy	2026-07-18 10:00:32.000
coinbase	SOL-USD	589	140.3663	1.7715	buy	2026-07-18 10:00:32.000
coinbase	SOL-USD	590	140.2877	0.5033	sell	2026-07-18 10:00:32.000
coinbase	SOL-USD	591	139.6698	0.2397	sell	2026-07-18 10:00:32.000
kraken	SOL-USD	592	139.8232	1.6081	buy	2026-07-18 10:00:32.000
kraken	SOL-USD	593	140.3431	1.088	buy	2026-07-18 10:00:32.000
kraken	SOL-USD	594	139.7742	1.1089	buy	2026-07-18 10:00:32.000
coinbase	BTC-USD	595	105428.4385	1.6408	sell	2026-07-18 10:00:33.000
coinbase	BTC-USD	596	104823.1601	0.6946	buy	2026-07-18 10:00:33.000
coinbase	BTC-USD	597	105119.1285	0.8411	buy	2026-07-18 10:00:33.000
kraken	BTC-USD	598	104739.0995	0.2173	buy	2026-07-18 10:00:33.000
kraken	BTC-USD	599	105379.2896	1.1765	sell	2026-07-18 10:00:33.000
kraken	BTC-USD	600	104511.3920	1.6829	buy	2026-07-18 10:00:33.000
coinbase	ETH-USD	601	3195.1143	1.12	buy	2026-07-18 10:00:33.000
coinbase	ETH-USD	602	3215.8578	1.3904	buy	2026-07-18 10:00:33.000
coinbase	ETH-USD	603	3196.7690	1.2215	sell	2026-07-18 10:00:33.000
kraken	ETH-USD	604	3195.1493	0.5457	sell	2026-07-18 10:00:33.000
kraken	ETH-USD	605	3215.1629	1.0991	buy	2026-07-18 10:00:33.000
kraken	ETH-USD	606	3190.9142	1.6582	buy	2026-07-18 10:00:33.000
coinbase	SOL-USD	607	139.6875	1.3323	buy	2026-07-18 10:00:33.000
coinbase	SOL-USD	608	139.4166	1.6405	sell	2026-07-18 10:00:33.000
coinbase	SOL-USD	609	140.5211	1.5663	sell	2026-07-18 10:00:33.000
kraken	SOL-USD	610	139.3492	1.2273	sell	2026-07-18 10:00:33.000
kraken	SOL-USD	611	140.4247	0.3413	sell	2026-07-18 10:00:33.000
kraken	SOL-USD	612	140.6707	1.0303	sell	2026-07-18 10:00:33.000
coinbase	BTC-USD	613	105383.3213	0.1869	sell	2026-07-18 10:00:34.000
coinbase	BTC-USD	614	104603.8436	1.1912	sell	2026-07-18 10:00:34.000
coinbase	BTC-USD	615	105521.5426	0.3565	buy	2026-07-18 10:00:34.000
kraken	BTC-USD	616	105134.7404	1.3505	sell	2026-07-18 10:00:34.000
kraken	BTC-USD	617	104507.9122	1.6726	sell	2026-07-18 10:00:34.000
kraken	BTC-USD	618	104554.9824	1.9519	sell	2026-07-18 10:00:34.000
coinbase	ETH-USD	619	3194.1416	1.1002	sell	2026-07-18 10:00:34.000
coinbase	ETH-USD	620	3185.5499	1.4198	buy	2026-07-18 10:00:34.000
coinbase	ETH-USD	621	3192.3063	0.1216	sell	2026-07-18 10:00:34.000
kraken	ETH-USD	622	3197.3951	1.169	sell	2026-07-18 10:00:34.000
kraken	ETH-USD	623	3214.4257	1.8219	sell	2026-07-18 10:00:34.000
kraken	ETH-USD	624	3212.4603	1.4195	sell	2026-07-18 10:00:34.000
coinbase	SOL-USD	625	139.8243	1.0462	buy	2026-07-18 10:00:34.000
coinbase	SOL-USD	626	140.2887	0.9599	buy	2026-07-18 10:00:34.000
coinbase	SOL-USD	627	139.6339	0.6235	buy	2026-07-18 10:00:34.000
kraken	SOL-USD	628	140.5658	1.921	buy	2026-07-18 10:00:34.000
kraken	SOL-USD	629	140.5509	0.7307	sell	2026-07-18 10:00:34.000
kraken	SOL-USD	630	139.4744	0.5006	sell	2026-07-18 10:00:34.000
coinbase	BTC-USD	631	104756.9787	0.8687	buy	2026-07-18 10:00:35.000
coinbase	BTC-USD	632	104647.4439	1.775	sell	2026-07-18 10:00:35.000
coinbase	BTC-USD	633	104687.5863	0.3108	sell	2026-07-18 10:00:35.000
kraken	BTC-USD	634	105303.3131	0.3807	sell	2026-07-18 10:00:35.000
kraken	BTC-USD	635	105046.3779	0.3707	sell	2026-07-18 10:00:35.000
kraken	BTC-USD	636	105446.5096	1.4134	buy	2026-07-18 10:00:35.000
coinbase	ETH-USD	637	3191.7871	1.1243	buy	2026-07-18 10:00:35.000
coinbase	ETH-USD	638	3207.8396	1.0528	sell	2026-07-18 10:00:35.000
coinbase	ETH-USD	639	3209.5553	1.7124	buy	2026-07-18 10:00:35.000
kraken	ETH-USD	640	3207.1022	1.5821	buy	2026-07-18 10:00:35.000
kraken	ETH-USD	641	3185.9957	0.3439	sell	2026-07-18 10:00:35.000
kraken	ETH-USD	642	3190.7997	1.0711	sell	2026-07-18 10:00:35.000
coinbase	SOL-USD	643	139.4443	1.7131	buy	2026-07-18 10:00:35.000
coinbase	SOL-USD	644	140.5588	1.7887	buy	2026-07-18 10:00:35.000
coinbase	SOL-USD	645	140.6462	1.9678	sell	2026-07-18 10:00:35.000
kraken	SOL-USD	646	139.9305	0.5588	sell	2026-07-18 10:00:35.000
kraken	SOL-USD	647	140.6622	1.3271	sell	2026-07-18 10:00:35.000
kraken	SOL-USD	648	140.3167	1.7861	buy	2026-07-18 10:00:35.000
coinbase	BTC-USD	649	105090.3331	1.4841	buy	2026-07-18 10:00:36.000
coinbase	BTC-USD	650	105274.6865	0.1168	buy	2026-07-18 10:00:36.000
coinbase	BTC-USD	651	105202.7786	0.5055	buy	2026-07-18 10:00:36.000
kraken	BTC-USD	652	105104.8133	1.7615	sell	2026-07-18 10:00:36.000
kraken	BTC-USD	653	104489.1664	0.304	sell	2026-07-18 10:00:36.000
kraken	BTC-USD	654	104860.3771	1.9277	sell	2026-07-18 10:00:36.000
coinbase	ETH-USD	655	3188.2758	0.9641	buy	2026-07-18 10:00:36.000
coinbase	ETH-USD	656	3203.4741	0.6854	sell	2026-07-18 10:00:36.000
coinbase	ETH-USD	657	3198.0919	0.9561	sell	2026-07-18 10:00:36.000
kraken	ETH-USD	658	3214.0020	1.405	sell	2026-07-18 10:00:36.000
kraken	ETH-USD	659	3195.1680	1.2793	sell	2026-07-18 10:00:36.000
kraken	ETH-USD	660	3196.6676	0.8085	sell	2026-07-18 10:00:36.000
coinbase	SOL-USD	661	140.2444	1.5167	buy	2026-07-18 10:00:36.000
coinbase	SOL-USD	662	139.5643	0.4406	buy	2026-07-18 10:00:36.000
coinbase	SOL-USD	663	140.0135	1.6174	sell	2026-07-18 10:00:36.000
kraken	SOL-USD	664	140.5839	0.5254	sell	2026-07-18 10:00:36.000
kraken	SOL-USD	665	139.9387	1.3046	buy	2026-07-18 10:00:36.000
kraken	SOL-USD	666	140.4052	0.3967	sell	2026-07-18 10:00:36.000
coinbase	BTC-USD	667	104956.7584	0.1469	buy	2026-07-18 10:00:37.000
coinbase	BTC-USD	668	105102.0491	1.7128	buy	2026-07-18 10:00:37.000
coinbase	BTC-USD	669	105341.7341	0.441	buy	2026-07-18 10:00:37.000
kraken	BTC-USD	670	105124.0612	1.8154	sell	2026-07-18 10:00:37.000
kraken	BTC-USD	671	105114.8677	0.5427	buy	2026-07-18 10:00:37.000
kraken	BTC-USD	672	104496.6835	1.8338	buy	2026-07-18 10:00:37.000
coinbase	ETH-USD	673	3210.6003	0.6277	buy	2026-07-18 10:00:37.000
coinbase	ETH-USD	674	3196.5775	1.0046	sell	2026-07-18 10:00:37.000
coinbase	ETH-USD	675	3211.4637	0.1847	sell	2026-07-18 10:00:37.000
kraken	ETH-USD	676	3209.0262	1.402	buy	2026-07-18 10:00:37.000
kraken	ETH-USD	677	3184.4567	1.0681	sell	2026-07-18 10:00:37.000
kraken	ETH-USD	678	3207.6278	1.7425	sell	2026-07-18 10:00:37.000
coinbase	SOL-USD	679	139.5755	0.3771	buy	2026-07-18 10:00:37.000
coinbase	SOL-USD	680	139.9948	0.3108	sell	2026-07-18 10:00:37.000
coinbase	SOL-USD	681	140.1215	1.8817	buy	2026-07-18 10:00:37.000
kraken	SOL-USD	682	140.5683	0.1178	buy	2026-07-18 10:00:37.000
kraken	SOL-USD	683	140.2049	1.3	buy	2026-07-18 10:00:37.000
kraken	SOL-USD	684	140.0034	0.8444	sell	2026-07-18 10:00:37.000
coinbase	BTC-USD	685	105139.5858	1.2563	buy	2026-07-18 10:00:38.000
coinbase	BTC-USD	686	105225.1504	0.6849	buy	2026-07-18 10:00:38.000
coinbase	BTC-USD	687	104806.9288	1.9603	sell	2026-07-18 10:00:38.000
kraken	BTC-USD	688	104985.3488	0.9677	sell	2026-07-18 10:00:38.000
kraken	BTC-USD	689	104758.0534	1.2955	sell	2026-07-18 10:00:38.000
kraken	BTC-USD	690	105319.3613	0.3276	buy	2026-07-18 10:00:38.000
coinbase	ETH-USD	691	3200.3978	1.1223	sell	2026-07-18 10:00:38.000
coinbase	ETH-USD	692	3203.4563	0.8483	buy	2026-07-18 10:00:38.000
coinbase	ETH-USD	693	3203.4393	0.8441	buy	2026-07-18 10:00:38.000
kraken	ETH-USD	694	3205.9605	1.6277	buy	2026-07-18 10:00:38.000
kraken	ETH-USD	695	3202.7048	0.2318	buy	2026-07-18 10:00:38.000
kraken	ETH-USD	696	3207.8962	0.9697	buy	2026-07-18 10:00:38.000
coinbase	SOL-USD	697	140.2584	0.8573	sell	2026-07-18 10:00:38.000
coinbase	SOL-USD	698	140.3992	1.2742	buy	2026-07-18 10:00:38.000
coinbase	SOL-USD	699	139.3113	1.2196	buy	2026-07-18 10:00:38.000
kraken	SOL-USD	700	140.5437	0.8221	sell	2026-07-18 10:00:38.000
kraken	SOL-USD	701	140.5403	0.6334	buy	2026-07-18 10:00:38.000
kraken	SOL-USD	702	139.4191	0.7902	buy	2026-07-18 10:00:38.000
coinbase	BTC-USD	703	104526.1423	0.8307	buy	2026-07-18 10:00:39.000
coinbase	BTC-USD	704	104524.5264	1.5662	buy	2026-07-18 10:00:39.000
coinbase	BTC-USD	705	105063.2819	1.4097	sell	2026-07-18 10:00:39.000
kraken	BTC-USD	706	104899.9571	1.9558	buy	2026-07-18 10:00:39.000
kraken	BTC-USD	707	105254.8319	0.8969	buy	2026-07-18 10:00:39.000
kraken	BTC-USD	708	105063.5958	1.8048	buy	2026-07-18 10:00:39.000
coinbase	ETH-USD	709	3202.8337	0.345	buy	2026-07-18 10:00:39.000
coinbase	ETH-USD	710	3202.4496	0.5827	sell	2026-07-18 10:00:39.000
coinbase	ETH-USD	711	3190.7723	1.3724	buy	2026-07-18 10:00:39.000
kraken	ETH-USD	712	3200.7510	1.5586	buy	2026-07-18 10:00:39.000
kraken	ETH-USD	713	3204.4633	0.3175	buy	2026-07-18 10:00:39.000
kraken	ETH-USD	714	3210.6444	1.0195	buy	2026-07-18 10:00:39.000
coinbase	SOL-USD	715	140.6346	0.0228	sell	2026-07-18 10:00:39.000
coinbase	SOL-USD	716	140.4726	0.6672	buy	2026-07-18 10:00:39.000
coinbase	SOL-USD	717	139.4206	0.4221	sell	2026-07-18 10:00:39.000
kraken	SOL-USD	718	139.7645	0.9755	buy	2026-07-18 10:00:39.000
kraken	SOL-USD	719	139.4132	0.8831	sell	2026-07-18 10:00:39.000
kraken	SOL-USD	720	140.0591	1.1071	buy	2026-07-18 10:00:39.000
coinbase	BTC-USD	721	105426.7730	0.296	sell	2026-07-18 10:00:40.000
coinbase	BTC-USD	722	105345.2022	1.0278	buy	2026-07-18 10:00:40.000
coinbase	BTC-USD	723	105398.2695	0.2949	buy	2026-07-18 10:00:40.000
kraken	BTC-USD	724	104878.2495	1.1348	buy	2026-07-18 10:00:40.000
kraken	BTC-USD	725	105025.5773	1.1349	sell	2026-07-18 10:00:40.000
kraken	BTC-USD	726	105460.2292	1.74	sell	2026-07-18 10:00:40.000
coinbase	ETH-USD	727	3196.8680	1.6317	sell	2026-07-18 10:00:40.000
coinbase	ETH-USD	728	3200.3972	0.4723	buy	2026-07-18 10:00:40.000
coinbase	ETH-USD	729	3207.2065	1.5655	sell	2026-07-18 10:00:40.000
kraken	ETH-USD	730	3194.9524	1.0295	buy	2026-07-18 10:00:40.000
kraken	ETH-USD	731	3202.3796	0.9558	sell	2026-07-18 10:00:40.000
kraken	ETH-USD	732	3197.9267	1.2418	buy	2026-07-18 10:00:40.000
coinbase	SOL-USD	733	140.0262	0.2322	buy	2026-07-18 10:00:40.000
coinbase	SOL-USD	734	140.0979	0.0891	sell	2026-07-18 10:00:40.000
coinbase	SOL-USD	735	139.5517	0.5458	sell	2026-07-18 10:00:40.000
kraken	SOL-USD	736	140.3584	1.7657	sell	2026-07-18 10:00:40.000
kraken	SOL-USD	737	139.3018	1.2993	buy	2026-07-18 10:00:40.000
kraken	SOL-USD	738	140.2161	0.9601	sell	2026-07-18 10:00:40.000
coinbase	BTC-USD	739	105192.5884	1.6959	buy	2026-07-18 10:00:41.000
coinbase	BTC-USD	740	105443.1186	1.5248	sell	2026-07-18 10:00:41.000
coinbase	BTC-USD	741	105027.2148	1.9958	buy	2026-07-18 10:00:41.000
kraken	BTC-USD	742	105349.7522	1.3937	sell	2026-07-18 10:00:41.000
kraken	BTC-USD	743	104698.6802	0.0643	sell	2026-07-18 10:00:41.000
kraken	BTC-USD	744	105523.7465	1.2036	buy	2026-07-18 10:00:41.000
coinbase	ETH-USD	745	3203.5703	0.6373	sell	2026-07-18 10:00:41.000
coinbase	ETH-USD	746	3215.3055	1.1401	buy	2026-07-18 10:00:41.000
coinbase	ETH-USD	747	3200.3968	0.789	sell	2026-07-18 10:00:41.000
kraken	ETH-USD	748	3196.1914	0.4888	sell	2026-07-18 10:00:41.000
kraken	ETH-USD	749	3214.8025	1.0776	sell	2026-07-18 10:00:41.000
kraken	ETH-USD	750	3214.1536	0.484	sell	2026-07-18 10:00:41.000
coinbase	SOL-USD	751	140.1736	0.3015	buy	2026-07-18 10:00:41.000
coinbase	SOL-USD	752	139.5015	1.5221	buy	2026-07-18 10:00:41.000
coinbase	SOL-USD	753	140.0511	1.4238	buy	2026-07-18 10:00:41.000
kraken	SOL-USD	754	140.5511	0.8993	buy	2026-07-18 10:00:41.000
kraken	SOL-USD	755	140.2686	1.2046	buy	2026-07-18 10:00:41.000
kraken	SOL-USD	756	140.2939	0.1867	sell	2026-07-18 10:00:41.000
coinbase	BTC-USD	757	105424.9781	0.5945	sell	2026-07-18 10:00:42.000
coinbase	BTC-USD	758	105012.3331	0.7144	sell	2026-07-18 10:00:42.000
coinbase	BTC-USD	759	104806.0909	0.0513	buy	2026-07-18 10:00:42.000
kraken	BTC-USD	760	105479.4233	1.2118	buy	2026-07-18 10:00:42.000
kraken	BTC-USD	761	105364.2468	0.9221	sell	2026-07-18 10:00:42.000
kraken	BTC-USD	762	105001.5474	1.3804	sell	2026-07-18 10:00:42.000
coinbase	ETH-USD	763	3210.0455	1.6985	sell	2026-07-18 10:00:42.000
coinbase	ETH-USD	764	3185.7425	1.8302	buy	2026-07-18 10:00:42.000
coinbase	ETH-USD	765	3194.7086	0.3278	sell	2026-07-18 10:00:42.000
kraken	ETH-USD	766	3203.6796	1.122	sell	2026-07-18 10:00:42.000
kraken	ETH-USD	767	3201.5346	0.8356	sell	2026-07-18 10:00:42.000
kraken	ETH-USD	768	3195.9992	1.8926	buy	2026-07-18 10:00:42.000
coinbase	SOL-USD	769	140.3167	1.9911	buy	2026-07-18 10:00:42.000
coinbase	SOL-USD	770	140.0086	0.0449	sell	2026-07-18 10:00:42.000
coinbase	SOL-USD	771	140.6380	1.6352	buy	2026-07-18 10:00:42.000
kraken	SOL-USD	772	140.5616	0.4775	buy	2026-07-18 10:00:42.000
kraken	SOL-USD	773	140.4042	1.6489	sell	2026-07-18 10:00:42.000
kraken	SOL-USD	774	139.4281	1.1803	sell	2026-07-18 10:00:42.000
coinbase	BTC-USD	775	105220.2733	1.5466	buy	2026-07-18 10:00:43.000
coinbase	BTC-USD	776	104766.6096	0.3259	buy	2026-07-18 10:00:43.000
coinbase	BTC-USD	777	105094.8927	0.4598	buy	2026-07-18 10:00:43.000
kraken	BTC-USD	778	105394.7235	0.5232	sell	2026-07-18 10:00:43.000
kraken	BTC-USD	779	104627.5321	1.2363	buy	2026-07-18 10:00:43.000
kraken	BTC-USD	780	104557.3595	1.7974	sell	2026-07-18 10:00:43.000
coinbase	ETH-USD	781	3215.1701	0.3722	buy	2026-07-18 10:00:43.000
coinbase	ETH-USD	782	3195.2464	1.3204	buy	2026-07-18 10:00:43.000
coinbase	ETH-USD	783	3208.1715	1.4852	buy	2026-07-18 10:00:43.000
kraken	ETH-USD	784	3212.7499	1.4018	sell	2026-07-18 10:00:43.000
kraken	ETH-USD	785	3209.3371	1.4756	buy	2026-07-18 10:00:43.000
kraken	ETH-USD	786	3212.6159	1.6496	buy	2026-07-18 10:00:43.000
coinbase	SOL-USD	787	139.8855	0.2995	buy	2026-07-18 10:00:43.000
coinbase	SOL-USD	788	140.0046	1.8997	buy	2026-07-18 10:00:43.000
coinbase	SOL-USD	789	139.9393	1.3317	sell	2026-07-18 10:00:43.000
kraken	SOL-USD	790	139.6240	1.3018	sell	2026-07-18 10:00:43.000
kraken	SOL-USD	791	140.2454	0.3856	sell	2026-07-18 10:00:43.000
kraken	SOL-USD	792	139.9862	0.7117	sell	2026-07-18 10:00:43.000
coinbase	BTC-USD	793	104703.7662	1.1092	buy	2026-07-18 10:00:44.000
coinbase	BTC-USD	794	104658.9608	0.2365	buy	2026-07-18 10:00:44.000
coinbase	BTC-USD	795	105017.7534	0.2856	sell	2026-07-18 10:00:44.000
kraken	BTC-USD	796	104626.3895	0.5306	buy	2026-07-18 10:00:44.000
kraken	BTC-USD	797	105274.4359	0.3635	buy	2026-07-18 10:00:44.000
kraken	BTC-USD	798	104753.3136	1.9487	sell	2026-07-18 10:00:44.000
coinbase	ETH-USD	799	3200.3800	0.6952	sell	2026-07-18 10:00:44.000
coinbase	ETH-USD	800	3207.5394	0.7741	buy	2026-07-18 10:00:44.000
coinbase	ETH-USD	801	3208.7113	1.4278	buy	2026-07-18 10:00:44.000
kraken	ETH-USD	802	3204.9940	0.6177	sell	2026-07-18 10:00:44.000
kraken	ETH-USD	803	3200.5199	1.1552	sell	2026-07-18 10:00:44.000
kraken	ETH-USD	804	3190.7243	0.4149	buy	2026-07-18 10:00:44.000
coinbase	SOL-USD	805	139.4366	0.8102	sell	2026-07-18 10:00:44.000
coinbase	SOL-USD	806	140.3492	0.3442	buy	2026-07-18 10:00:44.000
coinbase	SOL-USD	807	139.6262	0.1993	sell	2026-07-18 10:00:44.000
kraken	SOL-USD	808	139.8691	1.7762	buy	2026-07-18 10:00:44.000
kraken	SOL-USD	809	140.0359	0.4448	buy	2026-07-18 10:00:44.000
kraken	SOL-USD	810	139.5681	1.72	buy	2026-07-18 10:00:44.000
coinbase	BTC-USD	811	105108.9843	1.105	sell	2026-07-18 10:00:45.000
coinbase	BTC-USD	812	105105.7950	1.7308	sell	2026-07-18 10:00:45.000
coinbase	BTC-USD	813	105181.2876	0.948	buy	2026-07-18 10:00:45.000
kraken	BTC-USD	814	104843.3318	1.9608	buy	2026-07-18 10:00:45.000
kraken	BTC-USD	815	105212.1582	0.079	buy	2026-07-18 10:00:45.000
kraken	BTC-USD	816	104937.5675	1.0407	buy	2026-07-18 10:00:45.000
coinbase	ETH-USD	817	3210.4216	0.2953	sell	2026-07-18 10:00:45.000
coinbase	ETH-USD	818	3199.0989	1.2125	sell	2026-07-18 10:00:45.000
coinbase	ETH-USD	819	3196.5499	1.4786	sell	2026-07-18 10:00:45.000
kraken	ETH-USD	820	3212.0731	0.1865	buy	2026-07-18 10:00:45.000
kraken	ETH-USD	821	3210.4521	0.7474	buy	2026-07-18 10:00:45.000
kraken	ETH-USD	822	3191.3631	0.2808	buy	2026-07-18 10:00:45.000
coinbase	SOL-USD	823	140.4996	0.975	buy	2026-07-18 10:00:45.000
coinbase	SOL-USD	824	140.0241	1.2704	buy	2026-07-18 10:00:45.000
coinbase	SOL-USD	825	139.4621	0.6497	buy	2026-07-18 10:00:45.000
kraken	SOL-USD	826	139.8033	1.6242	buy	2026-07-18 10:00:45.000
kraken	SOL-USD	827	139.5803	0.5974	sell	2026-07-18 10:00:45.000
kraken	SOL-USD	828	140.2114	1.4779	sell	2026-07-18 10:00:45.000
coinbase	BTC-USD	829	104512.2527	0.8873	sell	2026-07-18 10:00:46.000
coinbase	BTC-USD	830	105135.9221	0.3186	buy	2026-07-18 10:00:46.000
coinbase	BTC-USD	831	105346.6030	0.9837	buy	2026-07-18 10:00:46.000
kraken	BTC-USD	832	105089.6759	1.7536	sell	2026-07-18 10:00:46.000
kraken	BTC-USD	833	104753.1177	0.4311	buy	2026-07-18 10:00:46.000
kraken	BTC-USD	834	104621.2611	1.833	sell	2026-07-18 10:00:46.000
coinbase	ETH-USD	835	3213.9811	1.6797	sell	2026-07-18 10:00:46.000
coinbase	ETH-USD	836	3208.0017	1.1501	sell	2026-07-18 10:00:46.000
coinbase	ETH-USD	837	3204.7164	0.2061	sell	2026-07-18 10:00:46.000
kraken	ETH-USD	838	3191.8604	0.095	buy	2026-07-18 10:00:46.000
kraken	ETH-USD	839	3198.9009	0.5275	sell	2026-07-18 10:00:46.000
kraken	ETH-USD	840	3206.4869	1.5881	buy	2026-07-18 10:00:46.000
coinbase	SOL-USD	841	139.6326	0.2527	buy	2026-07-18 10:00:46.000
coinbase	SOL-USD	842	140.6365	1.3039	buy	2026-07-18 10:00:46.000
coinbase	SOL-USD	843	139.3184	0.2956	buy	2026-07-18 10:00:46.000
kraken	SOL-USD	844	140.5098	1.9432	buy	2026-07-18 10:00:46.000
kraken	SOL-USD	845	139.3951	0.5661	sell	2026-07-18 10:00:46.000
kraken	SOL-USD	846	140.1721	1.1586	sell	2026-07-18 10:00:46.000
coinbase	BTC-USD	847	105082.2337	1.984	buy	2026-07-18 10:00:47.000
coinbase	BTC-USD	848	104623.4270	1.9585	buy	2026-07-18 10:00:47.000
coinbase	BTC-USD	849	104839.3896	0.5153	sell	2026-07-18 10:00:47.000
kraken	BTC-USD	850	104885.0109	0.0541	sell	2026-07-18 10:00:47.000
kraken	BTC-USD	851	105160.5515	0.4325	buy	2026-07-18 10:00:47.000
kraken	BTC-USD	852	105097.1816	0.2966	buy	2026-07-18 10:00:47.000
coinbase	ETH-USD	853	3198.4954	1.9484	buy	2026-07-18 10:00:47.000
coinbase	ETH-USD	854	3208.4869	0.8475	buy	2026-07-18 10:00:47.000
coinbase	ETH-USD	855	3206.7458	1.4343	sell	2026-07-18 10:00:47.000
kraken	ETH-USD	856	3213.5683	0.6035	sell	2026-07-18 10:00:47.000
kraken	ETH-USD	857	3204.7695	0.5467	sell	2026-07-18 10:00:47.000
kraken	ETH-USD	858	3212.9047	0.6195	sell	2026-07-18 10:00:47.000
coinbase	SOL-USD	859	139.5029	0.0623	sell	2026-07-18 10:00:47.000
coinbase	SOL-USD	860	139.3728	1.5557	sell	2026-07-18 10:00:47.000
coinbase	SOL-USD	861	140.0145	1.5462	sell	2026-07-18 10:00:47.000
kraken	SOL-USD	862	140.1558	1.1422	buy	2026-07-18 10:00:47.000
kraken	SOL-USD	863	139.5245	0.025	buy	2026-07-18 10:00:47.000
kraken	SOL-USD	864	140.4757	1.4188	buy	2026-07-18 10:00:47.000
coinbase	BTC-USD	865	104984.0369	0.947	sell	2026-07-18 10:00:48.000
coinbase	BTC-USD	866	104614.3452	0.9998	buy	2026-07-18 10:00:48.000
coinbase	BTC-USD	867	105203.6826	0.4234	sell	2026-07-18 10:00:48.000
kraken	BTC-USD	868	105218.9243	1.7229	buy	2026-07-18 10:00:48.000
kraken	BTC-USD	869	105165.4278	0.8778	sell	2026-07-18 10:00:48.000
kraken	BTC-USD	870	105128.1362	1.8416	sell	2026-07-18 10:00:48.000
coinbase	ETH-USD	871	3197.1297	1.8633	buy	2026-07-18 10:00:48.000
coinbase	ETH-USD	872	3191.9988	1.5247	sell	2026-07-18 10:00:48.000
coinbase	ETH-USD	873	3198.1250	1.3776	sell	2026-07-18 10:00:48.000
kraken	ETH-USD	874	3197.6860	0.8784	sell	2026-07-18 10:00:48.000
kraken	ETH-USD	875	3202.6905	1.973	sell	2026-07-18 10:00:48.000
kraken	ETH-USD	876	3188.1926	0.041	sell	2026-07-18 10:00:48.000
coinbase	SOL-USD	877	140.2164	0.4825	buy	2026-07-18 10:00:48.000
coinbase	SOL-USD	878	139.8906	1.3539	sell	2026-07-18 10:00:48.000
coinbase	SOL-USD	879	140.1411	0.6097	buy	2026-07-18 10:00:48.000
kraken	SOL-USD	880	140.0811	1.3588	buy	2026-07-18 10:00:48.000
kraken	SOL-USD	881	140.6563	0.013	sell	2026-07-18 10:00:48.000
kraken	SOL-USD	882	140.3543	0.9101	buy	2026-07-18 10:00:48.000
coinbase	BTC-USD	883	104729.8992	1.7642	sell	2026-07-18 10:00:49.000
coinbase	BTC-USD	884	104749.6040	0.3507	sell	2026-07-18 10:00:49.000
coinbase	BTC-USD	885	104895.3394	0.2155	buy	2026-07-18 10:00:49.000
kraken	BTC-USD	886	104821.1115	0.4234	buy	2026-07-18 10:00:49.000
kraken	BTC-USD	887	105001.0715	0.6095	buy	2026-07-18 10:00:49.000
kraken	BTC-USD	888	104582.4747	1.2369	buy	2026-07-18 10:00:49.000
coinbase	ETH-USD	889	3191.8667	1.675	buy	2026-07-18 10:00:49.000
coinbase	ETH-USD	890	3198.2262	0.3398	sell	2026-07-18 10:00:49.000
coinbase	ETH-USD	891	3212.9355	1.3916	sell	2026-07-18 10:00:49.000
kraken	ETH-USD	892	3206.5483	1.1462	sell	2026-07-18 10:00:49.000
kraken	ETH-USD	893	3184.5226	0.2542	sell	2026-07-18 10:00:49.000
kraken	ETH-USD	894	3186.6517	1.5394	buy	2026-07-18 10:00:49.000
coinbase	SOL-USD	895	139.6591	0.7738	sell	2026-07-18 10:00:49.000
coinbase	SOL-USD	896	140.2032	1.0143	sell	2026-07-18 10:00:49.000
coinbase	SOL-USD	897	139.5612	1.2832	buy	2026-07-18 10:00:49.000
kraken	SOL-USD	898	140.1246	1.9413	buy	2026-07-18 10:00:49.000
kraken	SOL-USD	899	139.6966	1.0311	sell	2026-07-18 10:00:49.000
kraken	SOL-USD	900	140.1804	1.529	sell	2026-07-18 10:00:49.000
coinbase	BTC-USD	901	105399.6172	1.4385	sell	2026-07-18 10:00:50.000
coinbase	BTC-USD	902	104836.8162	1.553	buy	2026-07-18 10:00:50.000
coinbase	BTC-USD	903	105397.9941	1.8012	sell	2026-07-18 10:00:50.000
kraken	BTC-USD	904	105149.8128	0.7509	sell	2026-07-18 10:00:50.000
kraken	BTC-USD	905	105184.3839	0.0518	buy	2026-07-18 10:00:50.000
kraken	BTC-USD	906	104957.2490	1.0399	buy	2026-07-18 10:00:50.000
coinbase	ETH-USD	907	3190.3275	0.7835	sell	2026-07-18 10:00:50.000
coinbase	ETH-USD	908	3201.6550	0.0755	sell	2026-07-18 10:00:50.000
coinbase	ETH-USD	909	3212.5462	1.5862	sell	2026-07-18 10:00:50.000
kraken	ETH-USD	910	3195.7676	0.4028	buy	2026-07-18 10:00:50.000
kraken	ETH-USD	911	3186.1799	1.9841	buy	2026-07-18 10:00:50.000
kraken	ETH-USD	912	3207.0109	1.39	sell	2026-07-18 10:00:50.000
coinbase	SOL-USD	913	140.1588	0.4236	sell	2026-07-18 10:00:50.000
coinbase	SOL-USD	914	139.3319	0.9596	sell	2026-07-18 10:00:50.000
coinbase	SOL-USD	915	140.3349	0.0157	sell	2026-07-18 10:00:50.000
kraken	SOL-USD	916	140.4645	1.7352	sell	2026-07-18 10:00:50.000
kraken	SOL-USD	917	139.9284	1.0325	sell	2026-07-18 10:00:50.000
kraken	SOL-USD	918	139.3899	0.0874	sell	2026-07-18 10:00:50.000
coinbase	BTC-USD	919	104872.8611	0.8309	buy	2026-07-18 10:00:51.000
coinbase	BTC-USD	920	104772.3425	1.9438	buy	2026-07-18 10:00:51.000
coinbase	BTC-USD	921	105134.2988	1.2741	sell	2026-07-18 10:00:51.000
kraken	BTC-USD	922	104636.7083	1.3524	sell	2026-07-18 10:00:51.000
kraken	BTC-USD	923	105438.8360	0.7958	sell	2026-07-18 10:00:51.000
kraken	BTC-USD	924	104968.1695	0.7457	sell	2026-07-18 10:00:51.000
coinbase	ETH-USD	925	3210.1725	1.1758	buy	2026-07-18 10:00:51.000
coinbase	ETH-USD	926	3195.0931	0.8547	sell	2026-07-18 10:00:51.000
coinbase	ETH-USD	927	3193.9316	1.3666	sell	2026-07-18 10:00:51.000
kraken	ETH-USD	928	3191.3932	0.0578	sell	2026-07-18 10:00:51.000
kraken	ETH-USD	929	3188.9917	1.6454	sell	2026-07-18 10:00:51.000
kraken	ETH-USD	930	3212.0719	1.5537	buy	2026-07-18 10:00:51.000
coinbase	SOL-USD	931	140.6204	0.0737	buy	2026-07-18 10:00:51.000
coinbase	SOL-USD	932	139.3139	1.0452	sell	2026-07-18 10:00:51.000
coinbase	SOL-USD	933	140.2452	0.3672	sell	2026-07-18 10:00:51.000
kraken	SOL-USD	934	139.9166	1.9163	buy	2026-07-18 10:00:51.000
kraken	SOL-USD	935	139.5232	0.3241	buy	2026-07-18 10:00:51.000
kraken	SOL-USD	936	140.2253	0.9525	sell	2026-07-18 10:00:51.000
coinbase	BTC-USD	937	105245.4001	0.6175	sell	2026-07-18 10:00:52.000
coinbase	BTC-USD	938	104508.9218	1.6415	sell	2026-07-18 10:00:52.000
coinbase	BTC-USD	939	105273.1141	0.1449	sell	2026-07-18 10:00:52.000
kraken	BTC-USD	940	104705.7438	1.8671	sell	2026-07-18 10:00:52.000
kraken	BTC-USD	941	105050.6074	0.4196	buy	2026-07-18 10:00:52.000
kraken	BTC-USD	942	104920.1465	0.0949	buy	2026-07-18 10:00:52.000
coinbase	ETH-USD	943	3195.8031	0.5962	buy	2026-07-18 10:00:52.000
coinbase	ETH-USD	944	3184.0375	1.2532	buy	2026-07-18 10:00:52.000
coinbase	ETH-USD	945	3211.9987	1.7371	sell	2026-07-18 10:00:52.000
kraken	ETH-USD	946	3204.7797	1.1752	buy	2026-07-18 10:00:52.000
kraken	ETH-USD	947	3214.3207	1.1258	buy	2026-07-18 10:00:52.000
kraken	ETH-USD	948	3186.4586	0.14	buy	2026-07-18 10:00:52.000
coinbase	SOL-USD	949	139.5825	0.2092	sell	2026-07-18 10:00:52.000
coinbase	SOL-USD	950	139.9060	0.2391	sell	2026-07-18 10:00:52.000
coinbase	SOL-USD	951	140.6821	1.457	buy	2026-07-18 10:00:52.000
kraken	SOL-USD	952	140.0558	0.285	sell	2026-07-18 10:00:52.000
kraken	SOL-USD	953	140.3218	0.85	buy	2026-07-18 10:00:52.000
kraken	SOL-USD	954	139.4130	1.018	buy	2026-07-18 10:00:52.000
coinbase	BTC-USD	955	105241.9412	1.1106	buy	2026-07-18 10:00:53.000
coinbase	BTC-USD	956	105240.6370	1.9893	sell	2026-07-18 10:00:53.000
coinbase	BTC-USD	957	105030.0606	0.6551	sell	2026-07-18 10:00:53.000
kraken	BTC-USD	958	105429.2423	0.4919	buy	2026-07-18 10:00:53.000
kraken	BTC-USD	959	104635.1097	0.8161	sell	2026-07-18 10:00:53.000
kraken	BTC-USD	960	105246.9475	1.8853	sell	2026-07-18 10:00:53.000
coinbase	ETH-USD	961	3184.6709	0.0125	sell	2026-07-18 10:00:53.000
coinbase	ETH-USD	962	3207.6984	1.3886	buy	2026-07-18 10:00:53.000
coinbase	ETH-USD	963	3189.9589	1.6586	sell	2026-07-18 10:00:53.000
kraken	ETH-USD	964	3205.3326	0.5583	sell	2026-07-18 10:00:53.000
kraken	ETH-USD	965	3210.1550	1.7457	buy	2026-07-18 10:00:53.000
kraken	ETH-USD	966	3213.3599	0.7091	sell	2026-07-18 10:00:53.000
coinbase	SOL-USD	967	139.5801	1.2693	sell	2026-07-18 10:00:53.000
coinbase	SOL-USD	968	139.5025	0.5101	buy	2026-07-18 10:00:53.000
coinbase	SOL-USD	969	140.1887	1.239	buy	2026-07-18 10:00:53.000
kraken	SOL-USD	970	139.7937	0.8048	buy	2026-07-18 10:00:53.000
kraken	SOL-USD	971	140.6404	1.5516	sell	2026-07-18 10:00:53.000
kraken	SOL-USD	972	140.0803	0.0737	sell	2026-07-18 10:00:53.000
coinbase	BTC-USD	973	104718.1470	0.0772	sell	2026-07-18 10:00:54.000
coinbase	BTC-USD	974	105038.9407	1.559	buy	2026-07-18 10:00:54.000
coinbase	BTC-USD	975	105440.7715	0.1029	sell	2026-07-18 10:00:54.000
kraken	BTC-USD	976	105233.8149	1.9915	sell	2026-07-18 10:00:54.000
kraken	BTC-USD	977	104483.1740	1.3599	buy	2026-07-18 10:00:54.000
kraken	BTC-USD	978	105163.4333	1.9521	buy	2026-07-18 10:00:54.000
coinbase	ETH-USD	979	3192.1086	1.854	buy	2026-07-18 10:00:54.000
coinbase	ETH-USD	980	3189.4705	0.4065	buy	2026-07-18 10:00:54.000
coinbase	ETH-USD	981	3197.0564	1.6289	buy	2026-07-18 10:00:54.000
kraken	ETH-USD	982	3192.2578	0.0698	buy	2026-07-18 10:00:54.000
kraken	ETH-USD	983	3194.5407	1.7808	buy	2026-07-18 10:00:54.000
kraken	ETH-USD	984	3202.6576	1.6387	buy	2026-07-18 10:00:54.000
coinbase	SOL-USD	985	140.2001	1.5086	buy	2026-07-18 10:00:54.000
coinbase	SOL-USD	986	139.9354	1.098	sell	2026-07-18 10:00:54.000
coinbase	SOL-USD	987	140.1304	1.9239	sell	2026-07-18 10:00:54.000
kraken	SOL-USD	988	139.8113	1.5451	buy	2026-07-18 10:00:54.000
kraken	SOL-USD	989	139.8863	0.3802	buy	2026-07-18 10:00:54.000
kraken	SOL-USD	990	140.3113	1.4703	sell	2026-07-18 10:00:54.000
coinbase	BTC-USD	991	105277.4050	0.0394	buy	2026-07-18 10:00:55.000
coinbase	BTC-USD	992	105120.3734	0.9937	sell	2026-07-18 10:00:55.000
coinbase	BTC-USD	993	104644.8360	1.3607	sell	2026-07-18 10:00:55.000
kraken	BTC-USD	994	105524.4161	1.6563	buy	2026-07-18 10:00:55.000
kraken	BTC-USD	995	104740.3336	1.4051	buy	2026-07-18 10:00:55.000
kraken	BTC-USD	996	105428.9744	0.0144	buy	2026-07-18 10:00:55.000
coinbase	ETH-USD	997	3187.1599	0.3169	buy	2026-07-18 10:00:55.000
coinbase	ETH-USD	998	3196.7338	1.048	sell	2026-07-18 10:00:55.000
coinbase	ETH-USD	999	3194.2538	1.4593	sell	2026-07-18 10:00:55.000
kraken	ETH-USD	1000	3198.8511	0.5091	sell	2026-07-18 10:00:55.000
kraken	ETH-USD	1001	3192.2243	1.4462	sell	2026-07-18 10:00:55.000
kraken	ETH-USD	1002	3203.4535	0.0564	buy	2026-07-18 10:00:55.000
coinbase	SOL-USD	1003	139.8906	1.4647	sell	2026-07-18 10:00:55.000
coinbase	SOL-USD	1004	140.3113	1.9311	sell	2026-07-18 10:00:55.000
coinbase	SOL-USD	1005	140.0778	1.9047	sell	2026-07-18 10:00:55.000
kraken	SOL-USD	1006	140.2975	0.0606	sell	2026-07-18 10:00:55.000
kraken	SOL-USD	1007	140.2502	0.7861	sell	2026-07-18 10:00:55.000
kraken	SOL-USD	1008	140.0690	1.0526	sell	2026-07-18 10:00:55.000
coinbase	BTC-USD	1009	105082.0722	1.6143	buy	2026-07-18 10:00:56.000
coinbase	BTC-USD	1010	105112.5238	0.4284	sell	2026-07-18 10:00:56.000
coinbase	BTC-USD	1011	104545.0192	0.2038	sell	2026-07-18 10:00:56.000
kraken	BTC-USD	1012	105135.3211	1.9663	sell	2026-07-18 10:00:56.000
kraken	BTC-USD	1013	104806.4298	0.8861	buy	2026-07-18 10:00:56.000
kraken	BTC-USD	1014	104988.1774	1.9118	sell	2026-07-18 10:00:56.000
coinbase	ETH-USD	1015	3199.7201	1.4218	buy	2026-07-18 10:00:56.000
coinbase	ETH-USD	1016	3208.8079	0.7279	sell	2026-07-18 10:00:56.000
coinbase	ETH-USD	1017	3196.6029	1.0749	buy	2026-07-18 10:00:56.000
kraken	ETH-USD	1018	3193.8150	0.2682	buy	2026-07-18 10:00:56.000
kraken	ETH-USD	1019	3188.6528	1.8684	buy	2026-07-18 10:00:56.000
kraken	ETH-USD	1020	3185.4167	0.9844	buy	2026-07-18 10:00:56.000
coinbase	SOL-USD	1021	140.1031	0.1106	sell	2026-07-18 10:00:56.000
coinbase	SOL-USD	1022	140.0884	1.1307	buy	2026-07-18 10:00:56.000
coinbase	SOL-USD	1023	139.7235	1.8407	sell	2026-07-18 10:00:56.000
kraken	SOL-USD	1024	140.5780	0.0951	buy	2026-07-18 10:00:56.000
kraken	SOL-USD	1025	140.5345	1.2522	buy	2026-07-18 10:00:56.000
kraken	SOL-USD	1026	139.7290	0.6236	sell	2026-07-18 10:00:56.000
coinbase	BTC-USD	1027	104664.5178	0.0241	sell	2026-07-18 10:00:57.000
coinbase	BTC-USD	1028	104900.2055	1.2694	buy	2026-07-18 10:00:57.000
coinbase	BTC-USD	1029	104913.6493	0.541	sell	2026-07-18 10:00:57.000
kraken	BTC-USD	1030	104928.5363	0.9907	sell	2026-07-18 10:00:57.000
kraken	BTC-USD	1031	104627.6965	1.6215	sell	2026-07-18 10:00:57.000
kraken	BTC-USD	1032	105134.4729	0.3922	buy	2026-07-18 10:00:57.000
coinbase	ETH-USD	1033	3209.8993	0.9353	sell	2026-07-18 10:00:57.000
coinbase	ETH-USD	1034	3193.3239	1.6227	sell	2026-07-18 10:00:57.000
coinbase	ETH-USD	1035	3191.8733	0.9277	buy	2026-07-18 10:00:57.000
kraken	ETH-USD	1036	3206.5566	1.6086	sell	2026-07-18 10:00:57.000
kraken	ETH-USD	1037	3188.9392	1.078	sell	2026-07-18 10:00:57.000
kraken	ETH-USD	1038	3207.3335	0.3566	sell	2026-07-18 10:00:57.000
coinbase	SOL-USD	1039	139.5284	1.8708	buy	2026-07-18 10:00:57.000
coinbase	SOL-USD	1040	139.4574	0.6509	sell	2026-07-18 10:00:57.000
coinbase	SOL-USD	1041	139.7336	1.7134	buy	2026-07-18 10:00:57.000
kraken	SOL-USD	1042	139.5649	1.3027	buy	2026-07-18 10:00:57.000
kraken	SOL-USD	1043	139.5377	1.12	sell	2026-07-18 10:00:57.000
kraken	SOL-USD	1044	140.6420	0.1679	sell	2026-07-18 10:00:57.000
coinbase	BTC-USD	1045	105416.3086	0.2205	sell	2026-07-18 10:00:58.000
coinbase	BTC-USD	1046	105256.4280	0.7882	sell	2026-07-18 10:00:58.000
coinbase	BTC-USD	1047	105171.3396	1.4167	buy	2026-07-18 10:00:58.000
kraken	BTC-USD	1048	105442.4279	0.3109	buy	2026-07-18 10:00:58.000
kraken	BTC-USD	1049	105351.6780	1.219	buy	2026-07-18 10:00:58.000
kraken	BTC-USD	1050	104770.3773	1.1577	buy	2026-07-18 10:00:58.000
coinbase	ETH-USD	1051	3190.9409	1.4978	sell	2026-07-18 10:00:58.000
coinbase	ETH-USD	1052	3211.0455	0.8119	buy	2026-07-18 10:00:58.000
coinbase	ETH-USD	1053	3200.9940	1.4083	sell	2026-07-18 10:00:58.000
kraken	ETH-USD	1054	3204.0535	1.2971	sell	2026-07-18 10:00:58.000
kraken	ETH-USD	1055	3192.3486	1.7919	buy	2026-07-18 10:00:58.000
kraken	ETH-USD	1056	3210.4004	0.1805	sell	2026-07-18 10:00:58.000
coinbase	SOL-USD	1057	140.2460	0.9171	buy	2026-07-18 10:00:58.000
coinbase	SOL-USD	1058	139.7648	0.8544	sell	2026-07-18 10:00:58.000
coinbase	SOL-USD	1059	139.9421	0.122	sell	2026-07-18 10:00:58.000
kraken	SOL-USD	1060	139.5455	0.4601	buy	2026-07-18 10:00:58.000
kraken	SOL-USD	1061	139.3913	1.8325	sell	2026-07-18 10:00:58.000
kraken	SOL-USD	1062	139.9079	0.7278	buy	2026-07-18 10:00:58.000
coinbase	BTC-USD	1063	104602.1334	0.2766	buy	2026-07-18 10:00:59.000
coinbase	BTC-USD	1064	105122.7834	0.6358	sell	2026-07-18 10:00:59.000
coinbase	BTC-USD	1065	105378.3884	1.1836	sell	2026-07-18 10:00:59.000
kraken	BTC-USD	1066	105421.4696	1.9721	sell	2026-07-18 10:00:59.000
kraken	BTC-USD	1067	105287.3710	0.0463	buy	2026-07-18 10:00:59.000
kraken	BTC-USD	1068	104760.1676	1.006	buy	2026-07-18 10:00:59.000
coinbase	ETH-USD	1069	3193.9770	0.3562	buy	2026-07-18 10:00:59.000
coinbase	ETH-USD	1070	3198.5702	1.9655	sell	2026-07-18 10:00:59.000
coinbase	ETH-USD	1071	3211.8442	0.6418	sell	2026-07-18 10:00:59.000
kraken	ETH-USD	1072	3191.2557	0.6684	sell	2026-07-18 10:00:59.000
kraken	ETH-USD	1073	3188.6346	1.4466	buy	2026-07-18 10:00:59.000
kraken	ETH-USD	1074	3215.2096	0.9689	buy	2026-07-18 10:00:59.000
coinbase	SOL-USD	1075	139.3020	1.1284	buy	2026-07-18 10:00:59.000
coinbase	SOL-USD	1076	140.4933	1.5324	buy	2026-07-18 10:00:59.000
coinbase	SOL-USD	1077	139.3769	1.8157	buy	2026-07-18 10:00:59.000
kraken	SOL-USD	1078	140.3723	1.3537	buy	2026-07-18 10:00:59.000
kraken	SOL-USD	1079	140.3247	1.7908	sell	2026-07-18 10:00:59.000
kraken	SOL-USD	1080	140.6376	1.9731	sell	2026-07-18 10:00:59.000
coinbase	BTC-USD	1081	105415.7793	0.4275	buy	2026-07-18 10:01:00.000
coinbase	BTC-USD	1082	105101.1539	0.4537	buy	2026-07-18 10:01:00.000
coinbase	BTC-USD	1083	105405.2457	1.4784	sell	2026-07-18 10:01:00.000
kraken	BTC-USD	1084	104636.1396	0.4103	buy	2026-07-18 10:01:00.000
kraken	BTC-USD	1085	105452.7508	1.7843	sell	2026-07-18 10:01:00.000
kraken	BTC-USD	1086	105262.9164	1.7672	sell	2026-07-18 10:01:00.000
coinbase	ETH-USD	1087	3194.9520	0.8326	sell	2026-07-18 10:01:00.000
coinbase	ETH-USD	1088	3209.8869	1.0376	sell	2026-07-18 10:01:00.000
coinbase	ETH-USD	1089	3198.1973	1.0731	sell	2026-07-18 10:01:00.000
kraken	ETH-USD	1090	3205.4607	1.8603	sell	2026-07-18 10:01:00.000
kraken	ETH-USD	1091	3213.7170	0.0384	sell	2026-07-18 10:01:00.000
kraken	ETH-USD	1092	3208.0872	0.8123	buy	2026-07-18 10:01:00.000
coinbase	SOL-USD	1093	140.5872	0.366	buy	2026-07-18 10:01:00.000
coinbase	SOL-USD	1094	140.6315	0.3499	buy	2026-07-18 10:01:00.000
coinbase	SOL-USD	1095	139.4091	1.8642	buy	2026-07-18 10:01:00.000
kraken	SOL-USD	1096	140.1222	0.3781	sell	2026-07-18 10:01:00.000
kraken	SOL-USD	1097	139.4700	1.8744	sell	2026-07-18 10:01:00.000
kraken	SOL-USD	1098	140.6561	0.2413	buy	2026-07-18 10:01:00.000
coinbase	BTC-USD	1099	105016.6774	1.409	buy	2026-07-18 10:01:01.000
coinbase	BTC-USD	1100	105304.0021	1.4481	buy	2026-07-18 10:01:01.000
coinbase	BTC-USD	1101	104629.5008	0.4276	sell	2026-07-18 10:01:01.000
kraken	BTC-USD	1102	104859.5175	0.2006	sell	2026-07-18 10:01:01.000
kraken	BTC-USD	1103	104606.8946	1.1512	buy	2026-07-18 10:01:01.000
kraken	BTC-USD	1104	105112.5957	1.5293	sell	2026-07-18 10:01:01.000
coinbase	ETH-USD	1105	3203.2975	0.1999	sell	2026-07-18 10:01:01.000
coinbase	ETH-USD	1106	3210.8740	0.2001	buy	2026-07-18 10:01:01.000
coinbase	ETH-USD	1107	3214.0942	0.2692	sell	2026-07-18 10:01:01.000
kraken	ETH-USD	1108	3192.8200	1.356	buy	2026-07-18 10:01:01.000
kraken	ETH-USD	1109	3198.2590	1.4239	buy	2026-07-18 10:01:01.000
kraken	ETH-USD	1110	3208.1468	0.7987	buy	2026-07-18 10:01:01.000
coinbase	SOL-USD	1111	139.5641	0.8761	buy	2026-07-18 10:01:01.000
coinbase	SOL-USD	1112	140.4233	1.8531	buy	2026-07-18 10:01:01.000
coinbase	SOL-USD	1113	139.7595	0.9686	sell	2026-07-18 10:01:01.000
kraken	SOL-USD	1114	139.7157	0.7734	buy	2026-07-18 10:01:01.000
kraken	SOL-USD	1115	139.7828	0.3463	buy	2026-07-18 10:01:01.000
kraken	SOL-USD	1116	140.0845	1.8882	buy	2026-07-18 10:01:01.000
coinbase	BTC-USD	1117	105306.4405	1.2445	buy	2026-07-18 10:01:02.000
coinbase	BTC-USD	1118	105374.2259	1.4719	sell	2026-07-18 10:01:02.000
coinbase	BTC-USD	1119	105189.1240	0.9138	buy	2026-07-18 10:01:02.000
kraken	BTC-USD	1120	105305.8305	1.6401	sell	2026-07-18 10:01:02.000
kraken	BTC-USD	1121	104966.6289	0.068	buy	2026-07-18 10:01:02.000
kraken	BTC-USD	1122	105324.4569	0.9167	buy	2026-07-18 10:01:02.000
coinbase	ETH-USD	1123	3188.2184	1.639	sell	2026-07-18 10:01:02.000
coinbase	ETH-USD	1124	3193.5304	0.3195	sell	2026-07-18 10:01:02.000
coinbase	ETH-USD	1125	3184.2214	0.656	buy	2026-07-18 10:01:02.000
kraken	ETH-USD	1126	3197.2513	0.0631	buy	2026-07-18 10:01:02.000
kraken	ETH-USD	1127	3214.4608	1.6163	buy	2026-07-18 10:01:02.000
kraken	ETH-USD	1128	3186.5042	1.7306	sell	2026-07-18 10:01:02.000
coinbase	SOL-USD	1129	140.5178	1.848	buy	2026-07-18 10:01:02.000
coinbase	SOL-USD	1130	140.5703	1.6446	sell	2026-07-18 10:01:02.000
coinbase	SOL-USD	1131	139.4851	1.8666	sell	2026-07-18 10:01:02.000
kraken	SOL-USD	1132	140.6762	0.3454	buy	2026-07-18 10:01:02.000
kraken	SOL-USD	1133	139.4301	0.2336	sell	2026-07-18 10:01:02.000
kraken	SOL-USD	1134	140.6857	1.438	buy	2026-07-18 10:01:02.000
coinbase	BTC-USD	1135	104504.0942	1.7156	sell	2026-07-18 10:01:03.000
coinbase	BTC-USD	1136	104752.5260	1.1839	sell	2026-07-18 10:01:03.000
coinbase	BTC-USD	1137	105429.0299	1.5016	buy	2026-07-18 10:01:03.000
kraken	BTC-USD	1138	104802.1070	0.8971	buy	2026-07-18 10:01:03.000
kraken	BTC-USD	1139	105394.8791	1.4763	sell	2026-07-18 10:01:03.000
kraken	BTC-USD	1140	104490.5923	1.6414	sell	2026-07-18 10:01:03.000
coinbase	ETH-USD	1141	3215.7085	1.6021	sell	2026-07-18 10:01:03.000
coinbase	ETH-USD	1142	3190.8599	1.942	sell	2026-07-18 10:01:03.000
coinbase	ETH-USD	1143	3193.3963	0.3339	sell	2026-07-18 10:01:03.000
kraken	ETH-USD	1144	3190.3905	1.9406	buy	2026-07-18 10:01:03.000
kraken	ETH-USD	1145	3195.2799	0.7622	sell	2026-07-18 10:01:03.000
kraken	ETH-USD	1146	3209.9702	1.4244	buy	2026-07-18 10:01:03.000
coinbase	SOL-USD	1147	140.5111	0.0651	buy	2026-07-18 10:01:03.000
coinbase	SOL-USD	1148	140.4526	1.854	sell	2026-07-18 10:01:03.000
coinbase	SOL-USD	1149	139.4097	1.3564	buy	2026-07-18 10:01:03.000
kraken	SOL-USD	1150	140.0500	0.4397	sell	2026-07-18 10:01:03.000
kraken	SOL-USD	1151	140.6793	1.4354	buy	2026-07-18 10:01:03.000
kraken	SOL-USD	1152	140.3818	1.6229	buy	2026-07-18 10:01:03.000
coinbase	BTC-USD	1153	105279.2253	1.1808	buy	2026-07-18 10:01:04.000
coinbase	BTC-USD	1154	105392.7342	0.8814	sell	2026-07-18 10:01:04.000
coinbase	BTC-USD	1155	104699.4943	0.1311	buy	2026-07-18 10:01:04.000
kraken	BTC-USD	1156	104492.6686	0.1071	buy	2026-07-18 10:01:04.000
kraken	BTC-USD	1157	104654.9047	1.5118	buy	2026-07-18 10:01:04.000
kraken	BTC-USD	1158	105022.0324	1.154	buy	2026-07-18 10:01:04.000
coinbase	ETH-USD	1159	3188.8110	1.6933	buy	2026-07-18 10:01:04.000
coinbase	ETH-USD	1160	3212.2788	1.2443	sell	2026-07-18 10:01:04.000
coinbase	ETH-USD	1161	3212.6193	1.5861	sell	2026-07-18 10:01:04.000
kraken	ETH-USD	1162	3184.3898	0.8311	buy	2026-07-18 10:01:04.000
kraken	ETH-USD	1163	3194.5191	0.5671	sell	2026-07-18 10:01:04.000
kraken	ETH-USD	1164	3210.2626	0.6078	buy	2026-07-18 10:01:04.000
coinbase	SOL-USD	1165	139.7930	1.4493	sell	2026-07-18 10:01:04.000
coinbase	SOL-USD	1166	139.3119	0.4746	sell	2026-07-18 10:01:04.000
coinbase	SOL-USD	1167	140.0984	0.5949	buy	2026-07-18 10:01:04.000
kraken	SOL-USD	1168	139.5457	1.1501	buy	2026-07-18 10:01:04.000
kraken	SOL-USD	1169	140.2070	0.0372	buy	2026-07-18 10:01:04.000
kraken	SOL-USD	1170	140.4166	0.2635	sell	2026-07-18 10:01:04.000
coinbase	BTC-USD	1171	105102.6391	1.4707	buy	2026-07-18 10:01:05.000
coinbase	BTC-USD	1172	104506.3034	0.0914	sell	2026-07-18 10:01:05.000
coinbase	BTC-USD	1173	105332.1766	0.3506	sell	2026-07-18 10:01:05.000
kraken	BTC-USD	1174	104502.6155	0.6445	sell	2026-07-18 10:01:05.000
kraken	BTC-USD	1175	105019.7300	1.847	sell	2026-07-18 10:01:05.000
kraken	BTC-USD	1176	105100.6452	1.3586	sell	2026-07-18 10:01:05.000
coinbase	ETH-USD	1177	3199.7583	1.9487	buy	2026-07-18 10:01:05.000
coinbase	ETH-USD	1178	3210.7971	0.408	sell	2026-07-18 10:01:05.000
coinbase	ETH-USD	1179	3207.2940	1.1401	buy	2026-07-18 10:01:05.000
kraken	ETH-USD	1180	3185.1418	0.2472	sell	2026-07-18 10:01:05.000
kraken	ETH-USD	1181	3194.5584	0.6165	buy	2026-07-18 10:01:05.000
kraken	ETH-USD	1182	3189.7759	1.4439	sell	2026-07-18 10:01:05.000
coinbase	SOL-USD	1183	139.3774	0.7713	buy	2026-07-18 10:01:05.000
coinbase	SOL-USD	1184	140.3595	1.9497	sell	2026-07-18 10:01:05.000
coinbase	SOL-USD	1185	139.5272	0.7662	buy	2026-07-18 10:01:05.000
kraken	SOL-USD	1186	139.8740	0.7804	sell	2026-07-18 10:01:05.000
kraken	SOL-USD	1187	140.5371	1.3806	sell	2026-07-18 10:01:05.000
kraken	SOL-USD	1188	140.5866	1.2902	buy	2026-07-18 10:01:05.000
coinbase	BTC-USD	1189	104701.6159	0.8052	buy	2026-07-18 10:01:06.000
coinbase	BTC-USD	1190	105075.3547	0.1657	buy	2026-07-18 10:01:06.000
coinbase	BTC-USD	1191	104635.9491	0.3388	buy	2026-07-18 10:01:06.000
kraken	BTC-USD	1192	104810.0959	0.2711	buy	2026-07-18 10:01:06.000
kraken	BTC-USD	1193	105048.8131	0.5203	sell	2026-07-18 10:01:06.000
kraken	BTC-USD	1194	104619.5992	1.035	sell	2026-07-18 10:01:06.000
coinbase	ETH-USD	1195	3205.3460	0.5474	sell	2026-07-18 10:01:06.000
coinbase	ETH-USD	1196	3211.5665	1.5508	buy	2026-07-18 10:01:06.000
coinbase	ETH-USD	1197	3202.8590	0.3945	buy	2026-07-18 10:01:06.000
kraken	ETH-USD	1198	3206.2202	0.5435	sell	2026-07-18 10:01:06.000
kraken	ETH-USD	1199	3210.5969	0.1257	sell	2026-07-18 10:01:06.000
kraken	ETH-USD	1200	3206.3077	0.7248	buy	2026-07-18 10:01:06.000
coinbase	SOL-USD	1201	140.5833	0.4729	buy	2026-07-18 10:01:06.000
coinbase	SOL-USD	1202	139.5632	0.7631	sell	2026-07-18 10:01:06.000
coinbase	SOL-USD	1203	140.2307	1.9407	sell	2026-07-18 10:01:06.000
kraken	SOL-USD	1204	140.5651	0.0635	buy	2026-07-18 10:01:06.000
kraken	SOL-USD	1205	140.0485	1.373	sell	2026-07-18 10:01:06.000
kraken	SOL-USD	1206	140.4263	0.41	sell	2026-07-18 10:01:06.000
coinbase	BTC-USD	1207	105248.2957	1.7986	buy	2026-07-18 10:01:07.000
coinbase	BTC-USD	1208	105000.1303	0.8502	sell	2026-07-18 10:01:07.000
coinbase	BTC-USD	1209	104663.4414	1.597	sell	2026-07-18 10:01:07.000
kraken	BTC-USD	1210	105243.2420	1.5985	sell	2026-07-18 10:01:07.000
kraken	BTC-USD	1211	104657.6678	1.8	buy	2026-07-18 10:01:07.000
kraken	BTC-USD	1212	105462.2068	1.6995	buy	2026-07-18 10:01:07.000
coinbase	ETH-USD	1213	3186.4860	1.6035	sell	2026-07-18 10:01:07.000
coinbase	ETH-USD	1214	3197.6473	1.8626	buy	2026-07-18 10:01:07.000
coinbase	ETH-USD	1215	3209.3319	0.2895	sell	2026-07-18 10:01:07.000
kraken	ETH-USD	1216	3200.2126	0.1348	sell	2026-07-18 10:01:07.000
kraken	ETH-USD	1217	3196.8336	0.9694	sell	2026-07-18 10:01:07.000
kraken	ETH-USD	1218	3199.4918	0.574	sell	2026-07-18 10:01:07.000
coinbase	SOL-USD	1219	140.2660	0.142	buy	2026-07-18 10:01:07.000
coinbase	SOL-USD	1220	139.3954	0.2347	sell	2026-07-18 10:01:07.000
coinbase	SOL-USD	1221	139.6238	1.2553	sell	2026-07-18 10:01:07.000
kraken	SOL-USD	1222	140.6186	1.8935	sell	2026-07-18 10:01:07.000
kraken	SOL-USD	1223	140.6726	1.82	buy	2026-07-18 10:01:07.000
kraken	SOL-USD	1224	139.8660	1.4862	sell	2026-07-18 10:01:07.000
coinbase	BTC-USD	1225	104713.6979	1.5537	buy	2026-07-18 10:01:08.000
coinbase	BTC-USD	1226	105161.1210	0.2257	buy	2026-07-18 10:01:08.000
coinbase	BTC-USD	1227	105037.0656	0.2994	sell	2026-07-18 10:01:08.000
kraken	BTC-USD	1228	104984.6674	0.5	buy	2026-07-18 10:01:08.000
kraken	BTC-USD	1229	105452.9715	1.2017	buy	2026-07-18 10:01:08.000
kraken	BTC-USD	1230	105495.2675	0.371	buy	2026-07-18 10:01:08.000
coinbase	ETH-USD	1231	3194.7119	0.2147	sell	2026-07-18 10:01:08.000
coinbase	ETH-USD	1232	3203.4055	0.5033	buy	2026-07-18 10:01:08.000
coinbase	ETH-USD	1233	3207.5587	0.9603	sell	2026-07-18 10:01:08.000
kraken	ETH-USD	1234	3193.1667	1.7638	buy	2026-07-18 10:01:08.000
kraken	ETH-USD	1235	3190.6808	1.2714	sell	2026-07-18 10:01:08.000
kraken	ETH-USD	1236	3192.2857	1.4242	buy	2026-07-18 10:01:08.000
coinbase	SOL-USD	1237	140.6876	1.8091	sell	2026-07-18 10:01:08.000
coinbase	SOL-USD	1238	140.3122	1.4922	buy	2026-07-18 10:01:08.000
coinbase	SOL-USD	1239	140.4247	0.9058	buy	2026-07-18 10:01:08.000
kraken	SOL-USD	1240	139.3535	0.2027	sell	2026-07-18 10:01:08.000
kraken	SOL-USD	1241	140.6835	0.6762	sell	2026-07-18 10:01:08.000
kraken	SOL-USD	1242	139.3250	1.4679	buy	2026-07-18 10:01:08.000
coinbase	BTC-USD	1243	105331.4183	1.4641	sell	2026-07-18 10:01:09.000
coinbase	BTC-USD	1244	105430.3393	1.439	buy	2026-07-18 10:01:09.000
coinbase	BTC-USD	1245	104493.2902	1.93	sell	2026-07-18 10:01:09.000
kraken	BTC-USD	1246	104895.5243	1.2097	buy	2026-07-18 10:01:09.000
kraken	BTC-USD	1247	104804.9677	0.8738	buy	2026-07-18 10:01:09.000
kraken	BTC-USD	1248	105351.9754	0.111	sell	2026-07-18 10:01:09.000
coinbase	ETH-USD	1249	3214.8423	1.5101	sell	2026-07-18 10:01:09.000
coinbase	ETH-USD	1250	3191.7575	1.1348	buy	2026-07-18 10:01:09.000
coinbase	ETH-USD	1251	3205.3660	0.6416	sell	2026-07-18 10:01:09.000
kraken	ETH-USD	1252	3184.6636	0.9271	sell	2026-07-18 10:01:09.000
kraken	ETH-USD	1253	3190.8420	1.4533	sell	2026-07-18 10:01:09.000
kraken	ETH-USD	1254	3184.3477	1.7319	buy	2026-07-18 10:01:09.000
coinbase	SOL-USD	1255	140.1006	1.3627	buy	2026-07-18 10:01:09.000
coinbase	SOL-USD	1256	139.4286	1.5376	buy	2026-07-18 10:01:09.000
coinbase	SOL-USD	1257	140.5105	0.9978	sell	2026-07-18 10:01:09.000
kraken	SOL-USD	1258	140.0921	0.7553	sell	2026-07-18 10:01:09.000
kraken	SOL-USD	1259	140.6796	1.5413	sell	2026-07-18 10:01:09.000
kraken	SOL-USD	1260	140.6823	1.2373	buy	2026-07-18 10:01:09.000
coinbase	BTC-USD	1261	104730.9666	1.4847	buy	2026-07-18 10:01:10.000
coinbase	BTC-USD	1262	104578.1244	0.22	buy	2026-07-18 10:01:10.000
coinbase	BTC-USD	1263	105094.4693	1.4558	sell	2026-07-18 10:01:10.000
kraken	BTC-USD	1264	104950.8146	0.9053	buy	2026-07-18 10:01:10.000
kraken	BTC-USD	1265	105247.8084	1.5273	sell	2026-07-18 10:01:10.000
kraken	BTC-USD	1266	105213.4398	0.4294	sell	2026-07-18 10:01:10.000
coinbase	ETH-USD	1267	3201.7256	1.3489	buy	2026-07-18 10:01:10.000
coinbase	ETH-USD	1268	3198.6569	1.1381	sell	2026-07-18 10:01:10.000
coinbase	ETH-USD	1269	3192.4451	1.3283	buy	2026-07-18 10:01:10.000
kraken	ETH-USD	1270	3210.2775	1.1509	sell	2026-07-18 10:01:10.000
kraken	ETH-USD	1271	3214.8137	1.0323	sell	2026-07-18 10:01:10.000
kraken	ETH-USD	1272	3198.2936	1.8332	sell	2026-07-18 10:01:10.000
coinbase	SOL-USD	1273	139.7518	0.1617	sell	2026-07-18 10:01:10.000
coinbase	SOL-USD	1274	140.5124	1.4888	buy	2026-07-18 10:01:10.000
coinbase	SOL-USD	1275	140.4775	1.9918	sell	2026-07-18 10:01:10.000
kraken	SOL-USD	1276	140.4658	0.2199	buy	2026-07-18 10:01:10.000
kraken	SOL-USD	1277	140.0992	1.3389	buy	2026-07-18 10:01:10.000
kraken	SOL-USD	1278	139.3253	1.5	buy	2026-07-18 10:01:10.000
coinbase	BTC-USD	1279	105017.6664	1.8147	sell	2026-07-18 10:01:11.000
coinbase	BTC-USD	1280	105252.8040	0.5559	sell	2026-07-18 10:01:11.000
coinbase	BTC-USD	1281	105298.5154	0.5356	sell	2026-07-18 10:01:11.000
kraken	BTC-USD	1282	105108.5836	1.8162	sell	2026-07-18 10:01:11.000
kraken	BTC-USD	1283	104822.5329	1.5196	sell	2026-07-18 10:01:11.000
kraken	BTC-USD	1284	104587.0687	1.39	buy	2026-07-18 10:01:11.000
coinbase	ETH-USD	1285	3196.3199	0.5319	sell	2026-07-18 10:01:11.000
coinbase	ETH-USD	1286	3192.9072	1.8343	buy	2026-07-18 10:01:11.000
coinbase	ETH-USD	1287	3206.7078	1.1068	sell	2026-07-18 10:01:11.000
kraken	ETH-USD	1288	3198.9272	0.9568	buy	2026-07-18 10:01:11.000
kraken	ETH-USD	1289	3213.7385	1.9947	buy	2026-07-18 10:01:11.000
kraken	ETH-USD	1290	3208.8179	0.7267	sell	2026-07-18 10:01:11.000
coinbase	SOL-USD	1291	139.8040	0.7739	sell	2026-07-18 10:01:11.000
coinbase	SOL-USD	1292	139.5436	0.5766	sell	2026-07-18 10:01:11.000
coinbase	SOL-USD	1293	139.3620	1.0135	sell	2026-07-18 10:01:11.000
kraken	SOL-USD	1294	140.5947	1.5181	sell	2026-07-18 10:01:11.000
kraken	SOL-USD	1295	139.4051	1.6379	buy	2026-07-18 10:01:11.000
kraken	SOL-USD	1296	140.4317	1.6638	buy	2026-07-18 10:01:11.000
coinbase	BTC-USD	1297	104851.8327	1.2349	sell	2026-07-18 10:01:12.000
coinbase	BTC-USD	1298	104990.6796	0.8965	buy	2026-07-18 10:01:12.000
coinbase	BTC-USD	1299	104839.9631	0.4743	buy	2026-07-18 10:01:12.000
kraken	BTC-USD	1300	104874.0361	1.5862	buy	2026-07-18 10:01:12.000
kraken	BTC-USD	1301	104815.6478	1.3596	sell	2026-07-18 10:01:12.000
kraken	BTC-USD	1302	105490.6926	0.4323	buy	2026-07-18 10:01:12.000
coinbase	ETH-USD	1303	3198.8868	1.3942	sell	2026-07-18 10:01:12.000
coinbase	ETH-USD	1304	3201.9830	0.536	buy	2026-07-18 10:01:12.000
coinbase	ETH-USD	1305	3185.8686	0.5227	sell	2026-07-18 10:01:12.000
kraken	ETH-USD	1306	3209.6649	0.6737	sell	2026-07-18 10:01:12.000
kraken	ETH-USD	1307	3192.4958	0.4705	buy	2026-07-18 10:01:12.000
kraken	ETH-USD	1308	3198.1506	1.4178	sell	2026-07-18 10:01:12.000
coinbase	SOL-USD	1309	139.7462	1.0534	buy	2026-07-18 10:01:12.000
coinbase	SOL-USD	1310	140.3018	0.2372	buy	2026-07-18 10:01:12.000
coinbase	SOL-USD	1311	139.3422	1.469	sell	2026-07-18 10:01:12.000
kraken	SOL-USD	1312	139.5096	1.4335	sell	2026-07-18 10:01:12.000
kraken	SOL-USD	1313	140.0569	0.8727	sell	2026-07-18 10:01:12.000
kraken	SOL-USD	1314	139.6674	0.0863	sell	2026-07-18 10:01:12.000
coinbase	BTC-USD	1315	105366.5468	1.4749	sell	2026-07-18 10:01:13.000
coinbase	BTC-USD	1316	104715.4625	0.0209	buy	2026-07-18 10:01:13.000
coinbase	BTC-USD	1317	104617.5443	1.9481	sell	2026-07-18 10:01:13.000
kraken	BTC-USD	1318	105414.2649	0.3384	buy	2026-07-18 10:01:13.000
kraken	BTC-USD	1319	105309.1605	1.8706	buy	2026-07-18 10:01:13.000
kraken	BTC-USD	1320	104557.4743	0.3107	buy	2026-07-18 10:01:13.000
coinbase	ETH-USD	1321	3197.0384	0.0473	sell	2026-07-18 10:01:13.000
coinbase	ETH-USD	1322	3195.0170	1.1314	buy	2026-07-18 10:01:13.000
coinbase	ETH-USD	1323	3191.5919	1.8395	sell	2026-07-18 10:01:13.000
kraken	ETH-USD	1324	3208.8072	0.741	buy	2026-07-18 10:01:13.000
kraken	ETH-USD	1325	3215.5619	1.3557	sell	2026-07-18 10:01:13.000
kraken	ETH-USD	1326	3195.6882	0.8248	sell	2026-07-18 10:01:13.000
coinbase	SOL-USD	1327	140.6260	1.1546	buy	2026-07-18 10:01:13.000
coinbase	SOL-USD	1328	139.5979	1.0535	buy	2026-07-18 10:01:13.000
coinbase	SOL-USD	1329	140.6146	1.0161	buy	2026-07-18 10:01:13.000
kraken	SOL-USD	1330	139.7462	1.1696	buy	2026-07-18 10:01:13.000
kraken	SOL-USD	1331	140.1630	0.7218	sell	2026-07-18 10:01:13.000
kraken	SOL-USD	1332	139.6672	0.378	sell	2026-07-18 10:01:13.000
coinbase	BTC-USD	1333	104853.4062	0.6413	sell	2026-07-18 10:01:14.000
coinbase	BTC-USD	1334	105373.4276	0.3669	sell	2026-07-18 10:01:14.000
coinbase	BTC-USD	1335	105284.1649	0.7546	sell	2026-07-18 10:01:14.000
kraken	BTC-USD	1336	104756.4777	1.3283	buy	2026-07-18 10:01:14.000
kraken	BTC-USD	1337	104909.7243	0.4218	buy	2026-07-18 10:01:14.000
kraken	BTC-USD	1338	105086.2868	1.9853	sell	2026-07-18 10:01:14.000
coinbase	ETH-USD	1339	3205.0844	1.1774	buy	2026-07-18 10:01:14.000
coinbase	ETH-USD	1340	3208.4914	0.7375	buy	2026-07-18 10:01:14.000
coinbase	ETH-USD	1341	3198.1148	1.9381	buy	2026-07-18 10:01:14.000
kraken	ETH-USD	1342	3210.9146	1.992	sell	2026-07-18 10:01:14.000
kraken	ETH-USD	1343	3203.9954	0.4067	buy	2026-07-18 10:01:14.000
kraken	ETH-USD	1344	3211.8722	1.2305	sell	2026-07-18 10:01:14.000
coinbase	SOL-USD	1345	140.1603	0.9752	sell	2026-07-18 10:01:14.000
coinbase	SOL-USD	1346	140.1399	1.9657	sell	2026-07-18 10:01:14.000
coinbase	SOL-USD	1347	139.3855	0.3603	sell	2026-07-18 10:01:14.000
kraken	SOL-USD	1348	139.4706	1.2496	buy	2026-07-18 10:01:14.000
kraken	SOL-USD	1349	140.1053	0.786	buy	2026-07-18 10:01:14.000
kraken	SOL-USD	1350	139.6577	1.9082	sell	2026-07-18 10:01:14.000
coinbase	BTC-USD	1351	105303.1024	0.6341	sell	2026-07-18 10:01:15.000
coinbase	BTC-USD	1352	105008.4268	0.4459	buy	2026-07-18 10:01:15.000
coinbase	BTC-USD	1353	104990.7365	0.2835	buy	2026-07-18 10:01:15.000
kraken	BTC-USD	1354	104867.4943	1.7269	sell	2026-07-18 10:01:15.000
kraken	BTC-USD	1355	105482.2388	0.461	buy	2026-07-18 10:01:15.000
kraken	BTC-USD	1356	104706.7100	1.5943	sell	2026-07-18 10:01:15.000
coinbase	ETH-USD	1357	3188.2583	0.5145	buy	2026-07-18 10:01:15.000
coinbase	ETH-USD	1358	3208.6676	1.8036	sell	2026-07-18 10:01:15.000
coinbase	ETH-USD	1359	3202.0670	1.3271	sell	2026-07-18 10:01:15.000
kraken	ETH-USD	1360	3195.5577	1.7496	sell	2026-07-18 10:01:15.000
kraken	ETH-USD	1361	3203.6080	1.6015	buy	2026-07-18 10:01:15.000
kraken	ETH-USD	1362	3207.8233	0.7985	sell	2026-07-18 10:01:15.000
coinbase	SOL-USD	1363	139.7830	1.5971	sell	2026-07-18 10:01:15.000
coinbase	SOL-USD	1364	140.6400	0.5279	buy	2026-07-18 10:01:15.000
coinbase	SOL-USD	1365	140.4130	0.9293	buy	2026-07-18 10:01:15.000
kraken	SOL-USD	1366	140.2698	0.9982	sell	2026-07-18 10:01:15.000
kraken	SOL-USD	1367	139.3529	1.8164	sell	2026-07-18 10:01:15.000
kraken	SOL-USD	1368	139.5835	0.592	sell	2026-07-18 10:01:15.000
coinbase	BTC-USD	1369	104583.9334	0.5479	buy	2026-07-18 10:01:16.000
coinbase	BTC-USD	1370	105266.7864	0.6216	buy	2026-07-18 10:01:16.000
coinbase	BTC-USD	1371	104839.4587	1.7475	buy	2026-07-18 10:01:16.000
kraken	BTC-USD	1372	104537.9893	0.2617	sell	2026-07-18 10:01:16.000
kraken	BTC-USD	1373	105078.5142	0.5743	buy	2026-07-18 10:01:16.000
kraken	BTC-USD	1374	104767.9810	1.8898	sell	2026-07-18 10:01:16.000
coinbase	ETH-USD	1375	3187.4512	0.5285	sell	2026-07-18 10:01:16.000
coinbase	ETH-USD	1376	3211.2195	1.9221	buy	2026-07-18 10:01:16.000
coinbase	ETH-USD	1377	3184.9498	1.4599	sell	2026-07-18 10:01:16.000
kraken	ETH-USD	1378	3209.4305	1.7811	buy	2026-07-18 10:01:16.000
kraken	ETH-USD	1379	3187.8183	0.8495	buy	2026-07-18 10:01:16.000
kraken	ETH-USD	1380	3202.9630	1.7461	sell	2026-07-18 10:01:16.000
coinbase	SOL-USD	1381	140.5431	1.615	buy	2026-07-18 10:01:16.000
coinbase	SOL-USD	1382	139.3565	0.2608	sell	2026-07-18 10:01:16.000
coinbase	SOL-USD	1383	140.4350	0.7514	sell	2026-07-18 10:01:16.000
kraken	SOL-USD	1384	140.0229	1.9522	sell	2026-07-18 10:01:16.000
kraken	SOL-USD	1385	140.0547	1.8267	buy	2026-07-18 10:01:16.000
kraken	SOL-USD	1386	139.4471	1.1121	buy	2026-07-18 10:01:16.000
coinbase	BTC-USD	1387	104813.8982	1.1143	buy	2026-07-18 10:01:17.000
coinbase	BTC-USD	1388	104518.0862	1.8	buy	2026-07-18 10:01:17.000
coinbase	BTC-USD	1389	105143.5592	0.4235	sell	2026-07-18 10:01:17.000
kraken	BTC-USD	1390	105073.6147	1.2949	sell	2026-07-18 10:01:17.000
kraken	BTC-USD	1391	104692.5457	0.1901	buy	2026-07-18 10:01:17.000
kraken	BTC-USD	1392	104761.9929	1.8491	buy	2026-07-18 10:01:17.000
coinbase	ETH-USD	1393	3190.8923	1.698	sell	2026-07-18 10:01:17.000
coinbase	ETH-USD	1394	3190.3673	0.4145	sell	2026-07-18 10:01:17.000
coinbase	ETH-USD	1395	3197.3971	1.5767	buy	2026-07-18 10:01:17.000
kraken	ETH-USD	1396	3209.9849	1.2358	sell	2026-07-18 10:01:17.000
kraken	ETH-USD	1397	3215.9167	1.0236	sell	2026-07-18 10:01:17.000
kraken	ETH-USD	1398	3202.5353	1.1366	buy	2026-07-18 10:01:17.000
coinbase	SOL-USD	1399	139.6716	1.2852	buy	2026-07-18 10:01:17.000
coinbase	SOL-USD	1400	139.4399	0.668	sell	2026-07-18 10:01:17.000
coinbase	SOL-USD	1401	140.6546	0.2047	sell	2026-07-18 10:01:17.000
kraken	SOL-USD	1402	140.4045	0.1392	sell	2026-07-18 10:01:17.000
kraken	SOL-USD	1403	139.9723	1.8138	buy	2026-07-18 10:01:17.000
kraken	SOL-USD	1404	139.4826	0.2845	buy	2026-07-18 10:01:17.000
coinbase	BTC-USD	1405	104966.0560	1.0987	buy	2026-07-18 10:01:18.000
coinbase	BTC-USD	1406	104920.5313	0.5025	buy	2026-07-18 10:01:18.000
coinbase	BTC-USD	1407	104824.0562	1.435	buy	2026-07-18 10:01:18.000
kraken	BTC-USD	1408	104946.6367	0.4117	sell	2026-07-18 10:01:18.000
kraken	BTC-USD	1409	104749.9514	0.9632	sell	2026-07-18 10:01:18.000
kraken	BTC-USD	1410	105177.5349	1.2094	sell	2026-07-18 10:01:18.000
coinbase	ETH-USD	1411	3195.2245	0.5317	buy	2026-07-18 10:01:18.000
coinbase	ETH-USD	1412	3188.1883	1.1972	sell	2026-07-18 10:01:18.000
coinbase	ETH-USD	1413	3187.5174	0.4765	sell	2026-07-18 10:01:18.000
kraken	ETH-USD	1414	3205.8311	1.136	buy	2026-07-18 10:01:18.000
kraken	ETH-USD	1415	3193.7784	1.7401	buy	2026-07-18 10:01:18.000
kraken	ETH-USD	1416	3196.6551	0.5858	sell	2026-07-18 10:01:18.000
coinbase	SOL-USD	1417	139.3342	1.632	sell	2026-07-18 10:01:18.000
coinbase	SOL-USD	1418	140.5984	1.5062	buy	2026-07-18 10:01:18.000
coinbase	SOL-USD	1419	140.3488	0.1162	sell	2026-07-18 10:01:18.000
kraken	SOL-USD	1420	139.9343	1.291	sell	2026-07-18 10:01:18.000
kraken	SOL-USD	1421	139.4486	0.5542	buy	2026-07-18 10:01:18.000
kraken	SOL-USD	1422	140.4202	0.0985	sell	2026-07-18 10:01:18.000
coinbase	BTC-USD	1423	105161.3155	1.3518	buy	2026-07-18 10:01:19.000
coinbase	BTC-USD	1424	105126.5196	1.4946	buy	2026-07-18 10:01:19.000
coinbase	BTC-USD	1425	105395.7584	1.0563	buy	2026-07-18 10:01:19.000
kraken	BTC-USD	1426	105350.9852	1.5112	buy	2026-07-18 10:01:19.000
kraken	BTC-USD	1427	104697.8658	1.1661	sell	2026-07-18 10:01:19.000
kraken	BTC-USD	1428	104580.7512	0.3695	buy	2026-07-18 10:01:19.000
coinbase	ETH-USD	1429	3201.7485	0.4704	sell	2026-07-18 10:01:19.000
coinbase	ETH-USD	1430	3196.8044	0.1117	sell	2026-07-18 10:01:19.000
coinbase	ETH-USD	1431	3211.2303	1.7447	buy	2026-07-18 10:01:19.000
kraken	ETH-USD	1432	3196.6022	1.8691	sell	2026-07-18 10:01:19.000
kraken	ETH-USD	1433	3186.1235	0.4643	buy	2026-07-18 10:01:19.000
kraken	ETH-USD	1434	3188.9738	1.746	sell	2026-07-18 10:01:19.000
coinbase	SOL-USD	1435	139.8885	1.221	buy	2026-07-18 10:01:19.000
coinbase	SOL-USD	1436	140.0692	1.1093	sell	2026-07-18 10:01:19.000
coinbase	SOL-USD	1437	139.5172	0.9915	buy	2026-07-18 10:01:19.000
kraken	SOL-USD	1438	139.3675	0.6204	sell	2026-07-18 10:01:19.000
kraken	SOL-USD	1439	140.2327	1.1968	sell	2026-07-18 10:01:19.000
kraken	SOL-USD	1440	139.7649	1.2836	buy	2026-07-18 10:01:19.000
coinbase	BTC-USD	1441	105359.5166	0.6048	buy	2026-07-18 10:01:20.000
coinbase	BTC-USD	1442	104832.0095	1.6526	sell	2026-07-18 10:01:20.000
coinbase	BTC-USD	1443	104726.9304	1.0274	sell	2026-07-18 10:01:20.000
kraken	BTC-USD	1444	104781.5971	0.7674	sell	2026-07-18 10:01:20.000
kraken	BTC-USD	1445	105508.0418	1.6624	buy	2026-07-18 10:01:20.000
kraken	BTC-USD	1446	104793.4465	0.3982	buy	2026-07-18 10:01:20.000
coinbase	ETH-USD	1447	3197.0752	1.0725	sell	2026-07-18 10:01:20.000
coinbase	ETH-USD	1448	3190.8106	1.5894	buy	2026-07-18 10:01:20.000
coinbase	ETH-USD	1449	3192.7864	1.8771	sell	2026-07-18 10:01:20.000
kraken	ETH-USD	1450	3211.6213	1.1747	sell	2026-07-18 10:01:20.000
kraken	ETH-USD	1451	3198.0800	0.2025	buy	2026-07-18 10:01:20.000
kraken	ETH-USD	1452	3204.4402	1.6182	sell	2026-07-18 10:01:20.000
coinbase	SOL-USD	1453	139.6709	0.7866	buy	2026-07-18 10:01:20.000
coinbase	SOL-USD	1454	139.3347	0.334	buy	2026-07-18 10:01:20.000
coinbase	SOL-USD	1455	139.8823	0.6729	sell	2026-07-18 10:01:20.000
kraken	SOL-USD	1456	140.4260	0.7658	sell	2026-07-18 10:01:20.000
kraken	SOL-USD	1457	140.5942	1.3258	buy	2026-07-18 10:01:20.000
kraken	SOL-USD	1458	140.5702	0.0805	buy	2026-07-18 10:01:20.000
coinbase	BTC-USD	1459	104647.3959	1.7202	sell	2026-07-18 10:01:21.000
coinbase	BTC-USD	1460	104921.4822	1.0162	sell	2026-07-18 10:01:21.000
coinbase	BTC-USD	1461	104734.1047	0.1586	buy	2026-07-18 10:01:21.000
kraken	BTC-USD	1462	105126.2635	0.5004	buy	2026-07-18 10:01:21.000
kraken	BTC-USD	1463	105414.7460	0.0652	sell	2026-07-18 10:01:21.000
kraken	BTC-USD	1464	104791.6651	1.0569	sell	2026-07-18 10:01:21.000
coinbase	ETH-USD	1465	3198.9364	1.2357	buy	2026-07-18 10:01:21.000
coinbase	ETH-USD	1466	3185.2313	1.3112	buy	2026-07-18 10:01:21.000
coinbase	ETH-USD	1467	3200.6924	0.7151	sell	2026-07-18 10:01:21.000
kraken	ETH-USD	1468	3184.8355	1.3591	sell	2026-07-18 10:01:21.000
kraken	ETH-USD	1469	3207.0536	0.472	sell	2026-07-18 10:01:21.000
kraken	ETH-USD	1470	3185.8914	1.7208	sell	2026-07-18 10:01:21.000
coinbase	SOL-USD	1471	139.5320	0.4402	buy	2026-07-18 10:01:21.000
coinbase	SOL-USD	1472	140.5044	1.0363	buy	2026-07-18 10:01:21.000
coinbase	SOL-USD	1473	140.1803	1.4269	sell	2026-07-18 10:01:21.000
kraken	SOL-USD	1474	139.7504	0.4696	buy	2026-07-18 10:01:21.000
kraken	SOL-USD	1475	139.7461	1.3517	sell	2026-07-18 10:01:21.000
kraken	SOL-USD	1476	140.5555	1.7756	buy	2026-07-18 10:01:21.000
coinbase	BTC-USD	1477	104587.8119	1.5557	sell	2026-07-18 10:01:22.000
coinbase	BTC-USD	1478	104847.0988	0.8756	buy	2026-07-18 10:01:22.000
coinbase	BTC-USD	1479	104514.0332	1.0585	buy	2026-07-18 10:01:22.000
kraken	BTC-USD	1480	104926.7461	1.4289	buy	2026-07-18 10:01:22.000
kraken	BTC-USD	1481	104790.7548	1.9011	buy	2026-07-18 10:01:22.000
kraken	BTC-USD	1482	104532.3921	0.0573	sell	2026-07-18 10:01:22.000
coinbase	ETH-USD	1483	3209.9916	0.9151	sell	2026-07-18 10:01:22.000
coinbase	ETH-USD	1484	3192.9286	0.6687	sell	2026-07-18 10:01:22.000
coinbase	ETH-USD	1485	3215.3487	0.1428	sell	2026-07-18 10:01:22.000
kraken	ETH-USD	1486	3201.1749	1.6489	buy	2026-07-18 10:01:22.000
kraken	ETH-USD	1487	3215.5917	0.3372	sell	2026-07-18 10:01:22.000
kraken	ETH-USD	1488	3190.9413	0.5098	sell	2026-07-18 10:01:22.000
coinbase	SOL-USD	1489	140.1771	0.5153	buy	2026-07-18 10:01:22.000
coinbase	SOL-USD	1490	140.0276	1.7835	buy	2026-07-18 10:01:22.000
coinbase	SOL-USD	1491	140.6182	0.8468	buy	2026-07-18 10:01:22.000
kraken	SOL-USD	1492	140.1060	1.4243	sell	2026-07-18 10:01:22.000
kraken	SOL-USD	1493	140.4063	1.4969	sell	2026-07-18 10:01:22.000
kraken	SOL-USD	1494	140.4707	0.3018	buy	2026-07-18 10:01:22.000
coinbase	BTC-USD	1495	104903.8371	1.1271	buy	2026-07-18 10:01:23.000
coinbase	BTC-USD	1496	104836.4182	0.5641	buy	2026-07-18 10:01:23.000
coinbase	BTC-USD	1497	104562.8831	1.2729	sell	2026-07-18 10:01:23.000
kraken	BTC-USD	1498	105048.3802	0.634	buy	2026-07-18 10:01:23.000
kraken	BTC-USD	1499	105063.2921	1.5939	buy	2026-07-18 10:01:23.000
kraken	BTC-USD	1500	105350.0009	0.8945	sell	2026-07-18 10:01:23.000
coinbase	ETH-USD	1501	3188.3663	1.0843	buy	2026-07-18 10:01:23.000
coinbase	ETH-USD	1502	3213.6739	1.1161	sell	2026-07-18 10:01:23.000
coinbase	ETH-USD	1503	3185.7651	0.7392	sell	2026-07-18 10:01:23.000
kraken	ETH-USD	1504	3196.2905	0.0832	sell	2026-07-18 10:01:23.000
kraken	ETH-USD	1505	3210.6433	0.9019	buy	2026-07-18 10:01:23.000
kraken	ETH-USD	1506	3185.3493	0.8783	buy	2026-07-18 10:01:23.000
coinbase	SOL-USD	1507	140.2699	1.3552	sell	2026-07-18 10:01:23.000
coinbase	SOL-USD	1508	139.8867	1.7501	sell	2026-07-18 10:01:23.000
coinbase	SOL-USD	1509	140.3768	1.0058	buy	2026-07-18 10:01:23.000
kraken	SOL-USD	1510	140.3134	0.6619	buy	2026-07-18 10:01:23.000
kraken	SOL-USD	1511	140.6609	1.7508	sell	2026-07-18 10:01:23.000
kraken	SOL-USD	1512	139.6898	1.9785	buy	2026-07-18 10:01:23.000
coinbase	BTC-USD	1513	105071.3943	1.1398	sell	2026-07-18 10:01:24.000
coinbase	BTC-USD	1514	105298.6648	0.4186	buy	2026-07-18 10:01:24.000
coinbase	BTC-USD	1515	105387.2390	0.9078	buy	2026-07-18 10:01:24.000
kraken	BTC-USD	1516	104557.3009	0.4711	sell	2026-07-18 10:01:24.000
kraken	BTC-USD	1517	104918.8868	1.5039	buy	2026-07-18 10:01:24.000
kraken	BTC-USD	1518	105120.3739	1.4231	sell	2026-07-18 10:01:24.000
coinbase	ETH-USD	1519	3204.9861	1.1391	sell	2026-07-18 10:01:24.000
coinbase	ETH-USD	1520	3199.5582	0.2346	sell	2026-07-18 10:01:24.000
coinbase	ETH-USD	1521	3186.8569	0.921	buy	2026-07-18 10:01:24.000
kraken	ETH-USD	1522	3203.8087	0.0982	buy	2026-07-18 10:01:24.000
kraken	ETH-USD	1523	3195.4614	0.9275	buy	2026-07-18 10:01:24.000
kraken	ETH-USD	1524	3193.9284	1.4838	buy	2026-07-18 10:01:24.000
coinbase	SOL-USD	1525	139.3953	1.3445	sell	2026-07-18 10:01:24.000
coinbase	SOL-USD	1526	140.5201	0.9956	sell	2026-07-18 10:01:24.000
coinbase	SOL-USD	1527	140.4501	1.3573	sell	2026-07-18 10:01:24.000
kraken	SOL-USD	1528	140.0269	1.8844	buy	2026-07-18 10:01:24.000
kraken	SOL-USD	1529	140.6849	1.0545	buy	2026-07-18 10:01:24.000
kraken	SOL-USD	1530	140.5035	1.2558	sell	2026-07-18 10:01:24.000
coinbase	BTC-USD	1531	105476.3026	0.3666	sell	2026-07-18 10:01:25.000
coinbase	BTC-USD	1532	104953.1483	0.3938	sell	2026-07-18 10:01:25.000
coinbase	BTC-USD	1533	105186.3821	0.8456	buy	2026-07-18 10:01:25.000
kraken	BTC-USD	1534	104737.9143	0.5906	sell	2026-07-18 10:01:25.000
kraken	BTC-USD	1535	105361.5538	0.877	buy	2026-07-18 10:01:25.000
kraken	BTC-USD	1536	105163.8939	0.9912	sell	2026-07-18 10:01:25.000
coinbase	ETH-USD	1537	3193.3183	0.9391	sell	2026-07-18 10:01:25.000
coinbase	ETH-USD	1538	3213.9592	1.2425	sell	2026-07-18 10:01:25.000
coinbase	ETH-USD	1539	3190.7378	1.8431	sell	2026-07-18 10:01:25.000
kraken	ETH-USD	1540	3198.8278	0.8905	buy	2026-07-18 10:01:25.000
kraken	ETH-USD	1541	3208.9046	0.9686	sell	2026-07-18 10:01:25.000
kraken	ETH-USD	1542	3186.0597	1.2991	buy	2026-07-18 10:01:25.000
coinbase	SOL-USD	1543	140.1217	1.9645	sell	2026-07-18 10:01:25.000
coinbase	SOL-USD	1544	140.2182	0.3627	buy	2026-07-18 10:01:25.000
coinbase	SOL-USD	1545	140.5217	1.173	sell	2026-07-18 10:01:25.000
kraken	SOL-USD	1546	140.4291	0.9709	buy	2026-07-18 10:01:25.000
kraken	SOL-USD	1547	139.3073	1.2873	sell	2026-07-18 10:01:25.000
kraken	SOL-USD	1548	139.7927	0.8801	buy	2026-07-18 10:01:25.000
coinbase	BTC-USD	1549	104523.6872	0.8522	buy	2026-07-18 10:01:26.000
coinbase	BTC-USD	1550	104523.9905	0.7571	buy	2026-07-18 10:01:26.000
coinbase	BTC-USD	1551	104597.9058	1.8816	buy	2026-07-18 10:01:26.000
kraken	BTC-USD	1552	104972.8476	0.1039	buy	2026-07-18 10:01:26.000
kraken	BTC-USD	1553	104739.0397	0.2997	buy	2026-07-18 10:01:26.000
kraken	BTC-USD	1554	105411.5233	0.4419	buy	2026-07-18 10:01:26.000
coinbase	ETH-USD	1555	3213.0396	1.3197	buy	2026-07-18 10:01:26.000
coinbase	ETH-USD	1556	3209.6517	0.9822	buy	2026-07-18 10:01:26.000
coinbase	ETH-USD	1557	3204.6717	0.1328	buy	2026-07-18 10:01:26.000
kraken	ETH-USD	1558	3212.7061	1.2778	sell	2026-07-18 10:01:26.000
kraken	ETH-USD	1559	3208.5736	0.5356	buy	2026-07-18 10:01:26.000
kraken	ETH-USD	1560	3199.8198	1.602	buy	2026-07-18 10:01:26.000
coinbase	SOL-USD	1561	140.0779	0.1693	sell	2026-07-18 10:01:26.000
coinbase	SOL-USD	1562	140.1805	1.6965	buy	2026-07-18 10:01:26.000
coinbase	SOL-USD	1563	140.4857	1.3603	buy	2026-07-18 10:01:26.000
kraken	SOL-USD	1564	140.0856	1.9208	buy	2026-07-18 10:01:26.000
kraken	SOL-USD	1565	139.5211	0.7139	buy	2026-07-18 10:01:26.000
kraken	SOL-USD	1566	139.6994	1.7546	sell	2026-07-18 10:01:26.000
coinbase	BTC-USD	1567	105031.3713	0.2306	sell	2026-07-18 10:01:27.000
coinbase	BTC-USD	1568	104601.5293	1.9307	buy	2026-07-18 10:01:27.000
coinbase	BTC-USD	1569	105330.9898	0.8229	buy	2026-07-18 10:01:27.000
kraken	BTC-USD	1570	105068.7511	1.8629	sell	2026-07-18 10:01:27.000
kraken	BTC-USD	1571	104722.7376	0.0437	buy	2026-07-18 10:01:27.000
kraken	BTC-USD	1572	104497.8732	1.5911	sell	2026-07-18 10:01:27.000
coinbase	ETH-USD	1573	3187.5859	1.4728	buy	2026-07-18 10:01:27.000
coinbase	ETH-USD	1574	3193.1114	0.9386	buy	2026-07-18 10:01:27.000
coinbase	ETH-USD	1575	3197.5466	0.537	buy	2026-07-18 10:01:27.000
kraken	ETH-USD	1576	3212.5846	1.0934	sell	2026-07-18 10:01:27.000
kraken	ETH-USD	1577	3195.5780	1.5789	sell	2026-07-18 10:01:27.000
kraken	ETH-USD	1578	3185.7272	0.8233	sell	2026-07-18 10:01:27.000
coinbase	SOL-USD	1579	139.6917	1.7958	buy	2026-07-18 10:01:27.000
coinbase	SOL-USD	1580	139.9852	0.4488	buy	2026-07-18 10:01:27.000
coinbase	SOL-USD	1581	139.8938	1.0725	buy	2026-07-18 10:01:27.000
kraken	SOL-USD	1582	139.5265	1.2783	buy	2026-07-18 10:01:27.000
kraken	SOL-USD	1583	140.4761	0.1867	sell	2026-07-18 10:01:27.000
kraken	SOL-USD	1584	139.3819	0.721	sell	2026-07-18 10:01:27.000
coinbase	BTC-USD	1585	105097.1091	0.4116	sell	2026-07-18 10:01:28.000
coinbase	BTC-USD	1586	105005.5831	1.8281	buy	2026-07-18 10:01:28.000
coinbase	BTC-USD	1587	104844.0902	1.7368	sell	2026-07-18 10:01:28.000
kraken	BTC-USD	1588	104833.4817	1.9237	buy	2026-07-18 10:01:28.000
kraken	BTC-USD	1589	105329.1414	0.8538	buy	2026-07-18 10:01:28.000
kraken	BTC-USD	1590	104806.3850	0.85	buy	2026-07-18 10:01:28.000
coinbase	ETH-USD	1591	3188.2472	1.7778	sell	2026-07-18 10:01:28.000
coinbase	ETH-USD	1592	3214.5159	1.4173	sell	2026-07-18 10:01:28.000
coinbase	ETH-USD	1593	3206.7362	1.3917	buy	2026-07-18 10:01:28.000
kraken	ETH-USD	1594	3209.3450	0.146	sell	2026-07-18 10:01:28.000
kraken	ETH-USD	1595	3210.8337	0.3746	buy	2026-07-18 10:01:28.000
kraken	ETH-USD	1596	3194.7852	1.7068	sell	2026-07-18 10:01:28.000
coinbase	SOL-USD	1597	140.2108	1.813	buy	2026-07-18 10:01:28.000
coinbase	SOL-USD	1598	140.4010	1.1017	buy	2026-07-18 10:01:28.000
coinbase	SOL-USD	1599	139.8108	0.3366	sell	2026-07-18 10:01:28.000
kraken	SOL-USD	1600	139.8813	0.6071	sell	2026-07-18 10:01:28.000
kraken	SOL-USD	1601	140.6544	0.8609	buy	2026-07-18 10:01:28.000
kraken	SOL-USD	1602	140.6872	1.3585	sell	2026-07-18 10:01:28.000
coinbase	BTC-USD	1603	104621.5494	1.0856	sell	2026-07-18 10:01:29.000
coinbase	BTC-USD	1604	104808.0381	0.0698	buy	2026-07-18 10:01:29.000
coinbase	BTC-USD	1605	105205.9983	0.6577	buy	2026-07-18 10:01:29.000
kraken	BTC-USD	1606	104603.4060	1.8355	sell	2026-07-18 10:01:29.000
kraken	BTC-USD	1607	105120.9375	0.1967	sell	2026-07-18 10:01:29.000
kraken	BTC-USD	1608	105391.4903	1.9507	buy	2026-07-18 10:01:29.000
coinbase	ETH-USD	1609	3184.5281	0.9572	buy	2026-07-18 10:01:29.000
coinbase	ETH-USD	1610	3186.4334	0.4221	buy	2026-07-18 10:01:29.000
coinbase	ETH-USD	1611	3195.3948	0.0246	sell	2026-07-18 10:01:29.000
kraken	ETH-USD	1612	3211.2086	0.0292	buy	2026-07-18 10:01:29.000
kraken	ETH-USD	1613	3195.0257	0.8274	sell	2026-07-18 10:01:29.000
kraken	ETH-USD	1614	3213.4523	1.7919	buy	2026-07-18 10:01:29.000
coinbase	SOL-USD	1615	140.2240	0.9568	sell	2026-07-18 10:01:29.000
coinbase	SOL-USD	1616	139.3188	0.0561	sell	2026-07-18 10:01:29.000
coinbase	SOL-USD	1617	139.9806	0.0238	buy	2026-07-18 10:01:29.000
kraken	SOL-USD	1618	140.0370	1.3513	sell	2026-07-18 10:01:29.000
kraken	SOL-USD	1619	139.4393	0.2636	sell	2026-07-18 10:01:29.000
kraken	SOL-USD	1620	140.1050	1.8299	sell	2026-07-18 10:01:29.000
coinbase	BTC-USD	1621	104480.8657	1.7234	buy	2026-07-18 10:01:30.000
coinbase	BTC-USD	1622	105076.7863	1.8573	buy	2026-07-18 10:01:30.000
coinbase	BTC-USD	1623	104960.1537	0.3647	buy	2026-07-18 10:01:30.000
kraken	BTC-USD	1624	104486.5959	1.5363	sell	2026-07-18 10:01:30.000
kraken	BTC-USD	1625	105399.8408	0.783	sell	2026-07-18 10:01:30.000
kraken	BTC-USD	1626	104829.9171	1.2234	buy	2026-07-18 10:01:30.000
coinbase	ETH-USD	1627	3208.3272	1.1551	buy	2026-07-18 10:01:30.000
coinbase	ETH-USD	1628	3198.3210	1.7616	sell	2026-07-18 10:01:30.000
coinbase	ETH-USD	1629	3197.5821	1.5286	buy	2026-07-18 10:01:30.000
kraken	ETH-USD	1630	3185.0015	1.8599	sell	2026-07-18 10:01:30.000
kraken	ETH-USD	1631	3196.2323	0.4785	buy	2026-07-18 10:01:30.000
kraken	ETH-USD	1632	3201.1180	1.8977	sell	2026-07-18 10:01:30.000
coinbase	SOL-USD	1633	140.5292	1.3869	sell	2026-07-18 10:01:30.000
coinbase	SOL-USD	1634	140.0470	1.4048	sell	2026-07-18 10:01:30.000
coinbase	SOL-USD	1635	140.5189	1.2484	buy	2026-07-18 10:01:30.000
kraken	SOL-USD	1636	140.6953	0.52	buy	2026-07-18 10:01:30.000
kraken	SOL-USD	1637	139.3879	1.8657	sell	2026-07-18 10:01:30.000
kraken	SOL-USD	1638	139.5090	1.6159	sell	2026-07-18 10:01:30.000
coinbase	BTC-USD	1639	105323.7181	0.9848	buy	2026-07-18 10:01:31.000
coinbase	BTC-USD	1640	104752.3945	0.7212	sell	2026-07-18 10:01:31.000
coinbase	BTC-USD	1641	105418.0159	1.539	sell	2026-07-18 10:01:31.000
kraken	BTC-USD	1642	105333.8162	1.5206	sell	2026-07-18 10:01:31.000
kraken	BTC-USD	1643	104482.4272	1.8522	sell	2026-07-18 10:01:31.000
kraken	BTC-USD	1644	104700.5687	0.6403	sell	2026-07-18 10:01:31.000
coinbase	ETH-USD	1645	3211.5492	0.8428	sell	2026-07-18 10:01:31.000
coinbase	ETH-USD	1646	3215.5101	1.8707	sell	2026-07-18 10:01:31.000
coinbase	ETH-USD	1647	3194.1836	0.0435	sell	2026-07-18 10:01:31.000
kraken	ETH-USD	1648	3186.3876	0.6105	buy	2026-07-18 10:01:31.000
kraken	ETH-USD	1649	3190.5609	0.4785	sell	2026-07-18 10:01:31.000
kraken	ETH-USD	1650	3204.4027	0.5933	buy	2026-07-18 10:01:31.000
coinbase	SOL-USD	1651	139.6366	1.0463	buy	2026-07-18 10:01:31.000
coinbase	SOL-USD	1652	140.3527	0.9769	buy	2026-07-18 10:01:31.000
coinbase	SOL-USD	1653	139.3043	1.6887	sell	2026-07-18 10:01:31.000
kraken	SOL-USD	1654	139.5765	1.8932	buy	2026-07-18 10:01:31.000
kraken	SOL-USD	1655	140.1797	1.6735	sell	2026-07-18 10:01:31.000
kraken	SOL-USD	1656	139.7270	0.3781	sell	2026-07-18 10:01:31.000
coinbase	BTC-USD	1657	104898.6026	1.4193	sell	2026-07-18 10:01:32.000
coinbase	BTC-USD	1658	104948.4798	1.7037	buy	2026-07-18 10:01:32.000
coinbase	BTC-USD	1659	105099.3819	0.4265	sell	2026-07-18 10:01:32.000
kraken	BTC-USD	1660	105159.9434	1.6272	sell	2026-07-18 10:01:32.000
kraken	BTC-USD	1661	104539.7646	1.7865	sell	2026-07-18 10:01:32.000
kraken	BTC-USD	1662	104835.1293	0.1075	sell	2026-07-18 10:01:32.000
coinbase	ETH-USD	1663	3195.6765	1.2684	buy	2026-07-18 10:01:32.000
coinbase	ETH-USD	1664	3215.9392	1.6648	sell	2026-07-18 10:01:32.000
coinbase	ETH-USD	1665	3204.7880	0.5983	sell	2026-07-18 10:01:32.000
kraken	ETH-USD	1666	3211.0177	1.772	sell	2026-07-18 10:01:32.000
kraken	ETH-USD	1667	3215.6917	0.6996	sell	2026-07-18 10:01:32.000
kraken	ETH-USD	1668	3215.1533	0.8307	buy	2026-07-18 10:01:32.000
coinbase	SOL-USD	1669	139.8576	0.7093	buy	2026-07-18 10:01:32.000
coinbase	SOL-USD	1670	139.7961	1.7999	sell	2026-07-18 10:01:32.000
coinbase	SOL-USD	1671	140.6229	1.2292	buy	2026-07-18 10:01:32.000
kraken	SOL-USD	1672	140.2583	0.1273	sell	2026-07-18 10:01:32.000
kraken	SOL-USD	1673	140.0208	1.0775	buy	2026-07-18 10:01:32.000
kraken	SOL-USD	1674	140.2592	1.0159	buy	2026-07-18 10:01:32.000
coinbase	BTC-USD	1675	105051.7014	0.5321	sell	2026-07-18 10:01:33.000
coinbase	BTC-USD	1676	104528.5921	1.374	buy	2026-07-18 10:01:33.000
coinbase	BTC-USD	1677	105008.8095	0.0461	sell	2026-07-18 10:01:33.000
kraken	BTC-USD	1678	104737.8112	0.552	buy	2026-07-18 10:01:33.000
kraken	BTC-USD	1679	104783.4148	0.5007	buy	2026-07-18 10:01:33.000
kraken	BTC-USD	1680	105463.6219	1.4814	buy	2026-07-18 10:01:33.000
coinbase	ETH-USD	1681	3215.7880	0.5488	sell	2026-07-18 10:01:33.000
coinbase	ETH-USD	1682	3190.0290	1.1472	sell	2026-07-18 10:01:33.000
coinbase	ETH-USD	1683	3188.7698	1.5787	buy	2026-07-18 10:01:33.000
kraken	ETH-USD	1684	3208.3725	1.6594	buy	2026-07-18 10:01:33.000
kraken	ETH-USD	1685	3210.7141	1.7348	sell	2026-07-18 10:01:33.000
kraken	ETH-USD	1686	3206.0644	1.2342	buy	2026-07-18 10:01:33.000
coinbase	SOL-USD	1687	140.3741	1.4311	buy	2026-07-18 10:01:33.000
coinbase	SOL-USD	1688	139.3407	0.705	sell	2026-07-18 10:01:33.000
coinbase	SOL-USD	1689	139.7063	0.9898	sell	2026-07-18 10:01:33.000
kraken	SOL-USD	1690	139.6115	1.1232	buy	2026-07-18 10:01:33.000
kraken	SOL-USD	1691	140.5685	0.6557	sell	2026-07-18 10:01:33.000
kraken	SOL-USD	1692	139.8168	1.0748	buy	2026-07-18 10:01:33.000
coinbase	BTC-USD	1693	105127.1160	1.2237	sell	2026-07-18 10:01:34.000
coinbase	BTC-USD	1694	105028.1540	1.5981	buy	2026-07-18 10:01:34.000
coinbase	BTC-USD	1695	105190.7063	1.6225	buy	2026-07-18 10:01:34.000
kraken	BTC-USD	1696	104636.0502	0.5224	buy	2026-07-18 10:01:34.000
kraken	BTC-USD	1697	105162.5425	1.8502	sell	2026-07-18 10:01:34.000
kraken	BTC-USD	1698	105062.0805	1.902	buy	2026-07-18 10:01:34.000
coinbase	ETH-USD	1699	3206.3692	1.5837	sell	2026-07-18 10:01:34.000
coinbase	ETH-USD	1700	3184.7998	0.4131	sell	2026-07-18 10:01:34.000
coinbase	ETH-USD	1701	3184.6617	1.3336	buy	2026-07-18 10:01:34.000
kraken	ETH-USD	1702	3187.3711	0.1698	sell	2026-07-18 10:01:34.000
kraken	ETH-USD	1703	3197.2815	0.6199	buy	2026-07-18 10:01:34.000
kraken	ETH-USD	1704	3199.7865	0.3535	sell	2026-07-18 10:01:34.000
coinbase	SOL-USD	1705	140.0294	0.9432	sell	2026-07-18 10:01:34.000
coinbase	SOL-USD	1706	139.4371	1.7718	buy	2026-07-18 10:01:34.000
coinbase	SOL-USD	1707	139.7768	0.7013	buy	2026-07-18 10:01:34.000
kraken	SOL-USD	1708	140.0451	0.1118	sell	2026-07-18 10:01:34.000
kraken	SOL-USD	1709	139.5533	1.655	sell	2026-07-18 10:01:34.000
kraken	SOL-USD	1710	140.1914	0.313	buy	2026-07-18 10:01:34.000
coinbase	BTC-USD	1711	105184.8194	1.859	buy	2026-07-18 10:01:35.000
coinbase	BTC-USD	1712	104958.2208	0.2508	sell	2026-07-18 10:01:35.000
coinbase	BTC-USD	1713	105264.1943	0.8608	buy	2026-07-18 10:01:35.000
kraken	BTC-USD	1714	105444.1049	1.6741	sell	2026-07-18 10:01:35.000
kraken	BTC-USD	1715	105229.8163	1.2116	buy	2026-07-18 10:01:35.000
kraken	BTC-USD	1716	105490.9202	1.2073	sell	2026-07-18 10:01:35.000
coinbase	ETH-USD	1717	3214.8204	0.0703	sell	2026-07-18 10:01:35.000
coinbase	ETH-USD	1718	3187.7912	1.6394	sell	2026-07-18 10:01:35.000
coinbase	ETH-USD	1719	3211.7425	1.8267	sell	2026-07-18 10:01:35.000
kraken	ETH-USD	1720	3185.3308	1.555	buy	2026-07-18 10:01:35.000
kraken	ETH-USD	1721	3209.3132	1.3291	buy	2026-07-18 10:01:35.000
kraken	ETH-USD	1722	3194.8832	0.9603	sell	2026-07-18 10:01:35.000
coinbase	SOL-USD	1723	140.4603	1.2575	buy	2026-07-18 10:01:35.000
coinbase	SOL-USD	1724	139.8217	0.6841	sell	2026-07-18 10:01:35.000
coinbase	SOL-USD	1725	139.5859	0.8386	sell	2026-07-18 10:01:35.000
kraken	SOL-USD	1726	139.9027	0.9612	buy	2026-07-18 10:01:35.000
kraken	SOL-USD	1727	139.9723	1.5561	buy	2026-07-18 10:01:35.000
kraken	SOL-USD	1728	139.9936	0.0126	buy	2026-07-18 10:01:35.000
coinbase	BTC-USD	1729	104646.5773	0.4316	buy	2026-07-18 10:01:36.000
coinbase	BTC-USD	1730	105195.8066	1.6972	buy	2026-07-18 10:01:36.000
coinbase	BTC-USD	1731	105029.7600	0.0528	sell	2026-07-18 10:01:36.000
kraken	BTC-USD	1732	104643.6058	0.8476	sell	2026-07-18 10:01:36.000
kraken	BTC-USD	1733	105013.9589	0.4584	sell	2026-07-18 10:01:36.000
kraken	BTC-USD	1734	104537.6353	0.2285	buy	2026-07-18 10:01:36.000
coinbase	ETH-USD	1735	3187.3314	1.1282	buy	2026-07-18 10:01:36.000
coinbase	ETH-USD	1736	3203.7999	0.0288	buy	2026-07-18 10:01:36.000
coinbase	ETH-USD	1737	3192.1417	0.9211	buy	2026-07-18 10:01:36.000
kraken	ETH-USD	1738	3193.8938	1.3187	buy	2026-07-18 10:01:36.000
kraken	ETH-USD	1739	3194.3071	1.527	sell	2026-07-18 10:01:36.000
kraken	ETH-USD	1740	3189.3175	1.859	buy	2026-07-18 10:01:36.000
coinbase	SOL-USD	1741	139.6340	1.4925	sell	2026-07-18 10:01:36.000
coinbase	SOL-USD	1742	139.9642	0.1303	buy	2026-07-18 10:01:36.000
coinbase	SOL-USD	1743	140.1528	0.0482	buy	2026-07-18 10:01:36.000
kraken	SOL-USD	1744	140.4519	0.8625	buy	2026-07-18 10:01:36.000
kraken	SOL-USD	1745	139.5959	1.8216	buy	2026-07-18 10:01:36.000
kraken	SOL-USD	1746	140.2320	0.0492	sell	2026-07-18 10:01:36.000
coinbase	BTC-USD	1747	104872.5514	1.3349	buy	2026-07-18 10:01:37.000
coinbase	BTC-USD	1748	104763.1216	1.3483	sell	2026-07-18 10:01:37.000
coinbase	BTC-USD	1749	104991.2554	0.6694	buy	2026-07-18 10:01:37.000
kraken	BTC-USD	1750	105165.3578	1.6979	sell	2026-07-18 10:01:37.000
kraken	BTC-USD	1751	104936.6531	1.3895	sell	2026-07-18 10:01:37.000
kraken	BTC-USD	1752	105003.8928	0.5114	buy	2026-07-18 10:01:37.000
coinbase	ETH-USD	1753	3213.8230	1.667	sell	2026-07-18 10:01:37.000
coinbase	ETH-USD	1754	3209.2610	1.0178	buy	2026-07-18 10:01:37.000
coinbase	ETH-USD	1755	3214.3046	0.7399	buy	2026-07-18 10:01:37.000
kraken	ETH-USD	1756	3191.7958	1.9768	sell	2026-07-18 10:01:37.000
kraken	ETH-USD	1757	3184.5643	1.4251	buy	2026-07-18 10:01:37.000
kraken	ETH-USD	1758	3186.8316	1.6042	buy	2026-07-18 10:01:37.000
coinbase	SOL-USD	1759	140.0493	0.5538	buy	2026-07-18 10:01:37.000
coinbase	SOL-USD	1760	140.4256	0.8824	sell	2026-07-18 10:01:37.000
coinbase	SOL-USD	1761	139.6065	1.8188	buy	2026-07-18 10:01:37.000
kraken	SOL-USD	1762	140.3801	1.1015	buy	2026-07-18 10:01:37.000
kraken	SOL-USD	1763	140.4297	1.6692	buy	2026-07-18 10:01:37.000
kraken	SOL-USD	1764	139.4019	0.5264	sell	2026-07-18 10:01:37.000
coinbase	BTC-USD	1765	105425.5509	1.9394	buy	2026-07-18 10:01:38.000
coinbase	BTC-USD	1766	105463.3145	1.3746	buy	2026-07-18 10:01:38.000
coinbase	BTC-USD	1767	104800.2196	1.5667	buy	2026-07-18 10:01:38.000
kraken	BTC-USD	1768	105331.5643	1.0928	sell	2026-07-18 10:01:38.000
kraken	BTC-USD	1769	105402.6594	0.5336	buy	2026-07-18 10:01:38.000
kraken	BTC-USD	1770	104562.8814	1.5207	buy	2026-07-18 10:01:38.000
coinbase	ETH-USD	1771	3191.1080	0.9109	sell	2026-07-18 10:01:38.000
coinbase	ETH-USD	1772	3211.9376	1.2506	buy	2026-07-18 10:01:38.000
coinbase	ETH-USD	1773	3211.6701	0.8543	buy	2026-07-18 10:01:38.000
kraken	ETH-USD	1774	3184.0437	1.2932	buy	2026-07-18 10:01:38.000
kraken	ETH-USD	1775	3213.2224	1.4215	sell	2026-07-18 10:01:38.000
kraken	ETH-USD	1776	3213.5494	1.4406	buy	2026-07-18 10:01:38.000
coinbase	SOL-USD	1777	140.5136	1.842	sell	2026-07-18 10:01:38.000
coinbase	SOL-USD	1778	139.6169	1.0044	buy	2026-07-18 10:01:38.000
coinbase	SOL-USD	1779	140.3850	1.9479	sell	2026-07-18 10:01:38.000
kraken	SOL-USD	1780	139.3588	0.6492	sell	2026-07-18 10:01:38.000
kraken	SOL-USD	1781	140.4764	0.0667	sell	2026-07-18 10:01:38.000
kraken	SOL-USD	1782	140.3678	1.1181	sell	2026-07-18 10:01:38.000
coinbase	BTC-USD	1783	105466.8007	0.6216	buy	2026-07-18 10:01:39.000
coinbase	BTC-USD	1784	104711.5208	0.0433	buy	2026-07-18 10:01:39.000
coinbase	BTC-USD	1785	105208.6966	0.4199	sell	2026-07-18 10:01:39.000
kraken	BTC-USD	1786	105094.3760	1.8834	buy	2026-07-18 10:01:39.000
kraken	BTC-USD	1787	105213.6465	0.7085	buy	2026-07-18 10:01:39.000
kraken	BTC-USD	1788	104491.0581	0.0597	sell	2026-07-18 10:01:39.000
coinbase	ETH-USD	1789	3212.2909	1.8879	buy	2026-07-18 10:01:39.000
coinbase	ETH-USD	1790	3186.7438	1.9997	sell	2026-07-18 10:01:39.000
coinbase	ETH-USD	1791	3207.3505	1.8478	buy	2026-07-18 10:01:39.000
kraken	ETH-USD	1792	3215.4059	1.6188	buy	2026-07-18 10:01:39.000
kraken	ETH-USD	1793	3209.1815	1.2613	sell	2026-07-18 10:01:39.000
kraken	ETH-USD	1794	3194.6770	1.6617	sell	2026-07-18 10:01:39.000
coinbase	SOL-USD	1795	139.3334	1.6589	sell	2026-07-18 10:01:39.000
coinbase	SOL-USD	1796	140.3196	0.8143	buy	2026-07-18 10:01:39.000
coinbase	SOL-USD	1797	139.6341	0.7073	sell	2026-07-18 10:01:39.000
kraken	SOL-USD	1798	139.5389	0.3886	buy	2026-07-18 10:01:39.000
kraken	SOL-USD	1799	140.4285	0.5434	buy	2026-07-18 10:01:39.000
kraken	SOL-USD	1800	140.4827	0.3119	buy	2026-07-18 10:01:39.000
coinbase	BTC-USD	1801	105233.1903	1.6393	sell	2026-07-18 10:01:40.000
coinbase	BTC-USD	1802	104735.2535	0.0894	buy	2026-07-18 10:01:40.000
coinbase	BTC-USD	1803	105262.4044	1.8568	buy	2026-07-18 10:01:40.000
kraken	BTC-USD	1804	105350.3370	1.6789	sell	2026-07-18 10:01:40.000
kraken	BTC-USD	1805	104786.8337	0.7887	buy	2026-07-18 10:01:40.000
kraken	BTC-USD	1806	105013.5011	0.448	sell	2026-07-18 10:01:40.000
coinbase	ETH-USD	1807	3185.0738	0.738	sell	2026-07-18 10:01:40.000
coinbase	ETH-USD	1808	3215.3090	1.5916	sell	2026-07-18 10:01:40.000
coinbase	ETH-USD	1809	3191.4686	0.621	sell	2026-07-18 10:01:40.000
kraken	ETH-USD	1810	3192.7661	0.7619	buy	2026-07-18 10:01:40.000
kraken	ETH-USD	1811	3206.3967	0.8398	buy	2026-07-18 10:01:40.000
kraken	ETH-USD	1812	3205.9089	1.6483	buy	2026-07-18 10:01:40.000
coinbase	SOL-USD	1813	139.6839	0.7493	sell	2026-07-18 10:01:40.000
coinbase	SOL-USD	1814	140.2045	1.4072	sell	2026-07-18 10:01:40.000
coinbase	SOL-USD	1815	139.5946	1.0884	sell	2026-07-18 10:01:40.000
kraken	SOL-USD	1816	139.4325	0.4417	sell	2026-07-18 10:01:40.000
kraken	SOL-USD	1817	139.7338	1.1795	buy	2026-07-18 10:01:40.000
kraken	SOL-USD	1818	140.4653	0.0541	buy	2026-07-18 10:01:40.000
coinbase	BTC-USD	1819	105188.3032	1.4017	buy	2026-07-18 10:01:41.000
coinbase	BTC-USD	1820	105455.5045	0.8512	sell	2026-07-18 10:01:41.000
coinbase	BTC-USD	1821	105002.5761	0.1912	sell	2026-07-18 10:01:41.000
kraken	BTC-USD	1822	105231.5884	0.939	buy	2026-07-18 10:01:41.000
kraken	BTC-USD	1823	104800.0038	1.3147	sell	2026-07-18 10:01:41.000
kraken	BTC-USD	1824	104864.5436	0.9533	buy	2026-07-18 10:01:41.000
coinbase	ETH-USD	1825	3215.3594	0.1084	buy	2026-07-18 10:01:41.000
coinbase	ETH-USD	1826	3214.7490	1.929	buy	2026-07-18 10:01:41.000
coinbase	ETH-USD	1827	3205.6964	0.5742	sell	2026-07-18 10:01:41.000
kraken	ETH-USD	1828	3194.7809	0.8384	buy	2026-07-18 10:01:41.000
kraken	ETH-USD	1829	3202.9285	0.9193	sell	2026-07-18 10:01:41.000
kraken	ETH-USD	1830	3189.0597	0.0857	sell	2026-07-18 10:01:41.000
coinbase	SOL-USD	1831	140.4617	0.9134	sell	2026-07-18 10:01:41.000
coinbase	SOL-USD	1832	139.6633	0.2685	sell	2026-07-18 10:01:41.000
coinbase	SOL-USD	1833	139.3506	0.3989	sell	2026-07-18 10:01:41.000
kraken	SOL-USD	1834	139.6659	0.1714	buy	2026-07-18 10:01:41.000
kraken	SOL-USD	1835	140.6333	0.9792	sell	2026-07-18 10:01:41.000
kraken	SOL-USD	1836	140.5195	0.6186	buy	2026-07-18 10:01:41.000
coinbase	BTC-USD	1837	104478.5465	0.4496	buy	2026-07-18 10:01:42.000
coinbase	BTC-USD	1838	104866.6707	0.6721	sell	2026-07-18 10:01:42.000
coinbase	BTC-USD	1839	104678.6860	1.2845	buy	2026-07-18 10:01:42.000
kraken	BTC-USD	1840	105182.7643	0.5207	sell	2026-07-18 10:01:42.000
kraken	BTC-USD	1841	104757.8547	1.2565	buy	2026-07-18 10:01:42.000
kraken	BTC-USD	1842	105450.7385	1.1755	buy	2026-07-18 10:01:42.000
coinbase	ETH-USD	1843	3191.2889	1.1252	buy	2026-07-18 10:01:42.000
coinbase	ETH-USD	1844	3202.8188	1.253	sell	2026-07-18 10:01:42.000
coinbase	ETH-USD	1845	3213.4921	0.3531	sell	2026-07-18 10:01:42.000
kraken	ETH-USD	1846	3214.0714	1.9809	sell	2026-07-18 10:01:42.000
kraken	ETH-USD	1847	3203.0641	0.6293	buy	2026-07-18 10:01:42.000
kraken	ETH-USD	1848	3205.7166	1.8755	sell	2026-07-18 10:01:42.000
coinbase	SOL-USD	1849	139.4677	0.4282	buy	2026-07-18 10:01:42.000
coinbase	SOL-USD	1850	139.5149	0.5666	sell	2026-07-18 10:01:42.000
coinbase	SOL-USD	1851	139.7285	0.5971	sell	2026-07-18 10:01:42.000
kraken	SOL-USD	1852	139.5889	0.929	buy	2026-07-18 10:01:42.000
kraken	SOL-USD	1853	140.0169	1.5279	sell	2026-07-18 10:01:42.000
kraken	SOL-USD	1854	139.6880	0.4437	sell	2026-07-18 10:01:42.000
coinbase	BTC-USD	1855	104960.4756	0.2735	sell	2026-07-18 10:01:43.000
coinbase	BTC-USD	1856	104870.6288	0.8237	buy	2026-07-18 10:01:43.000
coinbase	BTC-USD	1857	105412.8951	0.1113	buy	2026-07-18 10:01:43.000
kraken	BTC-USD	1858	105165.9889	1.1574	buy	2026-07-18 10:01:43.000
kraken	BTC-USD	1859	104908.1600	1.1988	buy	2026-07-18 10:01:43.000
kraken	BTC-USD	1860	104504.1665	1.1979	buy	2026-07-18 10:01:43.000
coinbase	ETH-USD	1861	3186.2032	0.0734	sell	2026-07-18 10:01:43.000
coinbase	ETH-USD	1862	3214.9216	1.4198	sell	2026-07-18 10:01:43.000
coinbase	ETH-USD	1863	3187.2836	0.8197	sell	2026-07-18 10:01:43.000
kraken	ETH-USD	1864	3208.0370	1.3902	buy	2026-07-18 10:01:43.000
kraken	ETH-USD	1865	3189.2546	1.2092	sell	2026-07-18 10:01:43.000
kraken	ETH-USD	1866	3194.0503	0.9093	buy	2026-07-18 10:01:43.000
coinbase	SOL-USD	1867	140.4377	0.2041	sell	2026-07-18 10:01:43.000
coinbase	SOL-USD	1868	139.9337	1.6904	buy	2026-07-18 10:01:43.000
coinbase	SOL-USD	1869	140.4017	1.9697	buy	2026-07-18 10:01:43.000
kraken	SOL-USD	1870	140.2143	0.6885	sell	2026-07-18 10:01:43.000
kraken	SOL-USD	1871	140.6039	0.6774	buy	2026-07-18 10:01:43.000
kraken	SOL-USD	1872	140.5260	0.9906	buy	2026-07-18 10:01:43.000
coinbase	BTC-USD	1873	104629.5875	1.3325	sell	2026-07-18 10:01:44.000
coinbase	BTC-USD	1874	105400.9405	1.6076	buy	2026-07-18 10:01:44.000
coinbase	BTC-USD	1875	104644.9608	0.6889	buy	2026-07-18 10:01:44.000
kraken	BTC-USD	1876	105380.8055	1.5131	buy	2026-07-18 10:01:44.000
kraken	BTC-USD	1877	105502.6032	1.0338	buy	2026-07-18 10:01:44.000
kraken	BTC-USD	1878	105046.5911	1.6743	buy	2026-07-18 10:01:44.000
coinbase	ETH-USD	1879	3196.6294	0.9962	sell	2026-07-18 10:01:44.000
coinbase	ETH-USD	1880	3201.4824	1.4084	buy	2026-07-18 10:01:44.000
coinbase	ETH-USD	1881	3187.8696	1.4583	sell	2026-07-18 10:01:44.000
kraken	ETH-USD	1882	3203.8756	1.4675	sell	2026-07-18 10:01:44.000
kraken	ETH-USD	1883	3186.7513	1.5337	buy	2026-07-18 10:01:44.000
kraken	ETH-USD	1884	3199.8397	0.368	sell	2026-07-18 10:01:44.000
coinbase	SOL-USD	1885	139.5598	1.4963	buy	2026-07-18 10:01:44.000
coinbase	SOL-USD	1886	139.3364	0.3817	buy	2026-07-18 10:01:44.000
coinbase	SOL-USD	1887	139.7767	1.5552	sell	2026-07-18 10:01:44.000
kraken	SOL-USD	1888	140.6421	0.6651	sell	2026-07-18 10:01:44.000
kraken	SOL-USD	1889	139.7523	0.6121	sell	2026-07-18 10:01:44.000
kraken	SOL-USD	1890	140.5427	1.3828	sell	2026-07-18 10:01:44.000
coinbase	BTC-USD	1891	105439.1999	1.2835	sell	2026-07-18 10:01:45.000
coinbase	BTC-USD	1892	105299.6708	0.1974	buy	2026-07-18 10:01:45.000
coinbase	BTC-USD	1893	105195.5514	0.3151	sell	2026-07-18 10:01:45.000
kraken	BTC-USD	1894	105317.9038	0.4917	buy	2026-07-18 10:01:45.000
kraken	BTC-USD	1895	105062.6819	1.3201	sell	2026-07-18 10:01:45.000
kraken	BTC-USD	1896	104878.2704	1.67	sell	2026-07-18 10:01:45.000
coinbase	ETH-USD	1897	3185.8998	1.9863	sell	2026-07-18 10:01:45.000
coinbase	ETH-USD	1898	3206.3753	1.9523	sell	2026-07-18 10:01:45.000
coinbase	ETH-USD	1899	3209.2331	0.6597	buy	2026-07-18 10:01:45.000
kraken	ETH-USD	1900	3186.4914	0.0878	buy	2026-07-18 10:01:45.000
kraken	ETH-USD	1901	3207.8607	1.7627	sell	2026-07-18 10:01:45.000
kraken	ETH-USD	1902	3202.9197	0.536	buy	2026-07-18 10:01:45.000
coinbase	SOL-USD	1903	140.2170	1.6008	buy	2026-07-18 10:01:45.000
coinbase	SOL-USD	1904	140.4528	0.2859	sell	2026-07-18 10:01:45.000
coinbase	SOL-USD	1905	140.5339	1.6357	buy	2026-07-18 10:01:45.000
kraken	SOL-USD	1906	139.4131	1.493	sell	2026-07-18 10:01:45.000
kraken	SOL-USD	1907	140.4817	1.3613	sell	2026-07-18 10:01:45.000
kraken	SOL-USD	1908	140.1905	0.8745	buy	2026-07-18 10:01:45.000
coinbase	BTC-USD	1909	105135.6073	0.0446	sell	2026-07-18 10:01:46.000
coinbase	BTC-USD	1910	104627.1402	0.1562	buy	2026-07-18 10:01:46.000
coinbase	BTC-USD	1911	104717.7867	0.2662	sell	2026-07-18 10:01:46.000
kraken	BTC-USD	1912	105089.2361	0.896	sell	2026-07-18 10:01:46.000
kraken	BTC-USD	1913	105041.1839	1.3041	sell	2026-07-18 10:01:46.000
kraken	BTC-USD	1914	104564.9237	1.7004	buy	2026-07-18 10:01:46.000
coinbase	ETH-USD	1915	3210.2471	1.8015	sell	2026-07-18 10:01:46.000
coinbase	ETH-USD	1916	3201.5074	0.6611	buy	2026-07-18 10:01:46.000
coinbase	ETH-USD	1917	3185.4095	1.786	sell	2026-07-18 10:01:46.000
kraken	ETH-USD	1918	3203.5852	1.3866	buy	2026-07-18 10:01:46.000
kraken	ETH-USD	1919	3215.8369	1.2872	sell	2026-07-18 10:01:46.000
kraken	ETH-USD	1920	3211.6251	1.7482	buy	2026-07-18 10:01:46.000
coinbase	SOL-USD	1921	140.6339	1.3367	buy	2026-07-18 10:01:46.000
coinbase	SOL-USD	1922	140.5960	1.8858	buy	2026-07-18 10:01:46.000
coinbase	SOL-USD	1923	139.6337	0.2392	buy	2026-07-18 10:01:46.000
kraken	SOL-USD	1924	140.2087	0.3921	buy	2026-07-18 10:01:46.000
kraken	SOL-USD	1925	139.6042	0.8199	sell	2026-07-18 10:01:46.000
kraken	SOL-USD	1926	139.4148	1.1828	sell	2026-07-18 10:01:46.000
coinbase	BTC-USD	1927	105151.0948	0.7825	sell	2026-07-18 10:01:47.000
coinbase	BTC-USD	1928	104529.6815	1.9902	sell	2026-07-18 10:01:47.000
coinbase	BTC-USD	1929	104787.6195	0.0818	buy	2026-07-18 10:01:47.000
kraken	BTC-USD	1930	104587.9878	1.9063	sell	2026-07-18 10:01:47.000
kraken	BTC-USD	1931	104655.1510	1.3167	buy	2026-07-18 10:01:47.000
kraken	BTC-USD	1932	105157.8737	1.476	buy	2026-07-18 10:01:47.000
coinbase	ETH-USD	1933	3187.9254	0.3265	sell	2026-07-18 10:01:47.000
coinbase	ETH-USD	1934	3212.1089	1.3921	buy	2026-07-18 10:01:47.000
coinbase	ETH-USD	1935	3208.4132	1.4323	buy	2026-07-18 10:01:47.000
kraken	ETH-USD	1936	3184.5580	0.3159	sell	2026-07-18 10:01:47.000
kraken	ETH-USD	1937	3202.2628	0.1804	sell	2026-07-18 10:01:47.000
kraken	ETH-USD	1938	3209.7194	0.5271	sell	2026-07-18 10:01:47.000
coinbase	SOL-USD	1939	139.4661	1.7425	buy	2026-07-18 10:01:47.000
coinbase	SOL-USD	1940	140.3259	1.998	sell	2026-07-18 10:01:47.000
coinbase	SOL-USD	1941	139.8818	0.6419	sell	2026-07-18 10:01:47.000
kraken	SOL-USD	1942	140.6653	1.735	sell	2026-07-18 10:01:47.000
kraken	SOL-USD	1943	140.3076	0.2533	buy	2026-07-18 10:01:47.000
kraken	SOL-USD	1944	139.5942	0.4618	buy	2026-07-18 10:01:47.000
coinbase	BTC-USD	1945	105451.0029	0.3893	sell	2026-07-18 10:01:48.000
coinbase	BTC-USD	1946	104929.8353	1.6094	sell	2026-07-18 10:01:48.000
coinbase	BTC-USD	1947	105414.2260	0.9617	sell	2026-07-18 10:01:48.000
kraken	BTC-USD	1948	104699.4307	1.3591	buy	2026-07-18 10:01:48.000
kraken	BTC-USD	1949	105216.0038	0.7386	buy	2026-07-18 10:01:48.000
kraken	BTC-USD	1950	104797.8846	0.4425	sell	2026-07-18 10:01:48.000
coinbase	ETH-USD	1951	3212.4027	1.0863	buy	2026-07-18 10:01:48.000
coinbase	ETH-USD	1952	3188.1316	0.184	buy	2026-07-18 10:01:48.000
coinbase	ETH-USD	1953	3194.5890	0.1101	buy	2026-07-18 10:01:48.000
kraken	ETH-USD	1954	3200.9886	0.2311	buy	2026-07-18 10:01:48.000
kraken	ETH-USD	1955	3187.8105	0.7604	sell	2026-07-18 10:01:48.000
kraken	ETH-USD	1956	3184.9731	0.2138	buy	2026-07-18 10:01:48.000
coinbase	SOL-USD	1957	140.4289	0.338	sell	2026-07-18 10:01:48.000
coinbase	SOL-USD	1958	139.6699	0.5886	buy	2026-07-18 10:01:48.000
coinbase	SOL-USD	1959	140.5760	1.026	sell	2026-07-18 10:01:48.000
kraken	SOL-USD	1960	140.5644	0.2194	buy	2026-07-18 10:01:48.000
kraken	SOL-USD	1961	140.0711	0.9529	buy	2026-07-18 10:01:48.000
kraken	SOL-USD	1962	140.1430	0.601	buy	2026-07-18 10:01:48.000
coinbase	BTC-USD	1963	104747.7708	0.9054	buy	2026-07-18 10:01:49.000
coinbase	BTC-USD	1964	104758.2561	1.3603	sell	2026-07-18 10:01:49.000
coinbase	BTC-USD	1965	105420.2101	0.612	sell	2026-07-18 10:01:49.000
kraken	BTC-USD	1966	104705.1520	1.0911	buy	2026-07-18 10:01:49.000
kraken	BTC-USD	1967	104914.0529	0.4092	sell	2026-07-18 10:01:49.000
kraken	BTC-USD	1968	105329.3877	1.3061	buy	2026-07-18 10:01:49.000
coinbase	ETH-USD	1969	3212.1722	1.7216	buy	2026-07-18 10:01:49.000
coinbase	ETH-USD	1970	3200.0155	0.1461	sell	2026-07-18 10:01:49.000
coinbase	ETH-USD	1971	3195.4221	1.4401	sell	2026-07-18 10:01:49.000
kraken	ETH-USD	1972	3197.9413	0.1011	sell	2026-07-18 10:01:49.000
kraken	ETH-USD	1973	3197.8491	0.6193	sell	2026-07-18 10:01:49.000
kraken	ETH-USD	1974	3214.9568	1.9263	sell	2026-07-18 10:01:49.000
coinbase	SOL-USD	1975	140.1112	1.2603	buy	2026-07-18 10:01:49.000
coinbase	SOL-USD	1976	139.3963	0.0939	sell	2026-07-18 10:01:49.000
coinbase	SOL-USD	1977	140.0418	1.6737	buy	2026-07-18 10:01:49.000
kraken	SOL-USD	1978	139.8615	0.7206	sell	2026-07-18 10:01:49.000
kraken	SOL-USD	1979	140.6720	1.3176	sell	2026-07-18 10:01:49.000
kraken	SOL-USD	1980	140.0984	1.6626	buy	2026-07-18 10:01:49.000
coinbase	BTC-USD	1981	105142.8953	0.5803	sell	2026-07-18 10:01:50.000
coinbase	BTC-USD	1982	104745.3647	1.3124	buy	2026-07-18 10:01:50.000
coinbase	BTC-USD	1983	105410.2445	0.8759	sell	2026-07-18 10:01:50.000
kraken	BTC-USD	1984	105123.1043	1.0006	sell	2026-07-18 10:01:50.000
kraken	BTC-USD	1985	105306.5522	0.0364	sell	2026-07-18 10:01:50.000
kraken	BTC-USD	1986	104577.2937	1.486	sell	2026-07-18 10:01:50.000
coinbase	ETH-USD	1987	3207.4303	1.8552	sell	2026-07-18 10:01:50.000
coinbase	ETH-USD	1988	3210.9579	0.632	buy	2026-07-18 10:01:50.000
coinbase	ETH-USD	1989	3185.8767	1.2497	sell	2026-07-18 10:01:50.000
kraken	ETH-USD	1990	3187.5292	0.6789	buy	2026-07-18 10:01:50.000
kraken	ETH-USD	1991	3194.8854	1.9376	sell	2026-07-18 10:01:50.000
kraken	ETH-USD	1992	3195.8227	0.6319	buy	2026-07-18 10:01:50.000
coinbase	SOL-USD	1993	139.6564	1.997	sell	2026-07-18 10:01:50.000
coinbase	SOL-USD	1994	140.1920	1.7658	sell	2026-07-18 10:01:50.000
coinbase	SOL-USD	1995	140.1187	0.4493	buy	2026-07-18 10:01:50.000
kraken	SOL-USD	1996	139.6218	1.9203	sell	2026-07-18 10:01:50.000
kraken	SOL-USD	1997	140.1764	0.2675	sell	2026-07-18 10:01:50.000
kraken	SOL-USD	1998	140.6031	1.8938	buy	2026-07-18 10:01:50.000
coinbase	BTC-USD	1999	104484.8735	0.73	buy	2026-07-18 10:01:51.000
coinbase	BTC-USD	2000	105471.6405	0.908	buy	2026-07-18 10:01:51.000
coinbase	BTC-USD	2001	104762.1662	1.8821	buy	2026-07-18 10:01:51.000
kraken	BTC-USD	2002	104714.3019	0.1924	sell	2026-07-18 10:01:51.000
kraken	BTC-USD	2003	104990.1207	0.6172	sell	2026-07-18 10:01:51.000
kraken	BTC-USD	2004	105462.5799	1.091	buy	2026-07-18 10:01:51.000
coinbase	ETH-USD	2005	3208.7845	0.2606	sell	2026-07-18 10:01:51.000
coinbase	ETH-USD	2006	3186.7482	1.0912	sell	2026-07-18 10:01:51.000
coinbase	ETH-USD	2007	3211.4356	1.9876	buy	2026-07-18 10:01:51.000
kraken	ETH-USD	2008	3206.5309	0.9512	buy	2026-07-18 10:01:51.000
kraken	ETH-USD	2009	3195.9648	1.8371	sell	2026-07-18 10:01:51.000
kraken	ETH-USD	2010	3189.5926	0.4423	sell	2026-07-18 10:01:51.000
coinbase	SOL-USD	2011	140.3912	0.8067	sell	2026-07-18 10:01:51.000
coinbase	SOL-USD	2012	140.3227	1.3448	buy	2026-07-18 10:01:51.000
coinbase	SOL-USD	2013	139.5314	0.3869	sell	2026-07-18 10:01:51.000
kraken	SOL-USD	2014	140.3591	0.0816	buy	2026-07-18 10:01:51.000
kraken	SOL-USD	2015	140.2735	0.7422	sell	2026-07-18 10:01:51.000
kraken	SOL-USD	2016	140.2258	1.1355	sell	2026-07-18 10:01:51.000
coinbase	BTC-USD	2017	104662.8564	1.9182	sell	2026-07-18 10:01:52.000
coinbase	BTC-USD	2018	104646.6754	0.8862	buy	2026-07-18 10:01:52.000
coinbase	BTC-USD	2019	105412.8444	1.3451	sell	2026-07-18 10:01:52.000
kraken	BTC-USD	2020	105280.6701	0.0802	sell	2026-07-18 10:01:52.000
kraken	BTC-USD	2021	104711.4661	0.2645	sell	2026-07-18 10:01:52.000
kraken	BTC-USD	2022	104943.7015	1.3002	sell	2026-07-18 10:01:52.000
coinbase	ETH-USD	2023	3206.3423	0.8341	sell	2026-07-18 10:01:52.000
coinbase	ETH-USD	2024	3199.8845	0.9077	sell	2026-07-18 10:01:52.000
coinbase	ETH-USD	2025	3186.6567	0.2217	buy	2026-07-18 10:01:52.000
kraken	ETH-USD	2026	3212.9211	1.3785	sell	2026-07-18 10:01:52.000
kraken	ETH-USD	2027	3186.1861	1.1854	buy	2026-07-18 10:01:52.000
kraken	ETH-USD	2028	3213.6100	0.3647	sell	2026-07-18 10:01:52.000
coinbase	SOL-USD	2029	140.4812	1.3692	buy	2026-07-18 10:01:52.000
coinbase	SOL-USD	2030	140.6035	0.6777	buy	2026-07-18 10:01:52.000
coinbase	SOL-USD	2031	139.9732	0.3471	sell	2026-07-18 10:01:52.000
kraken	SOL-USD	2032	139.5231	0.2028	buy	2026-07-18 10:01:52.000
kraken	SOL-USD	2033	139.7649	0.0844	buy	2026-07-18 10:01:52.000
kraken	SOL-USD	2034	139.7186	1.623	buy	2026-07-18 10:01:52.000
coinbase	BTC-USD	2035	105089.5631	1.8648	buy	2026-07-18 10:01:53.000
coinbase	BTC-USD	2036	104887.3849	1.4283	buy	2026-07-18 10:01:53.000
coinbase	BTC-USD	2037	104757.9783	1.5564	sell	2026-07-18 10:01:53.000
kraken	BTC-USD	2038	105073.0435	0.601	sell	2026-07-18 10:01:53.000
kraken	BTC-USD	2039	104778.0287	0.1686	buy	2026-07-18 10:01:53.000
kraken	BTC-USD	2040	104778.8293	0.0512	buy	2026-07-18 10:01:53.000
coinbase	ETH-USD	2041	3187.5112	0.6772	buy	2026-07-18 10:01:53.000
coinbase	ETH-USD	2042	3193.5522	0.088	buy	2026-07-18 10:01:53.000
coinbase	ETH-USD	2043	3211.1987	0.9426	sell	2026-07-18 10:01:53.000
kraken	ETH-USD	2044	3207.5237	0.8627	sell	2026-07-18 10:01:53.000
kraken	ETH-USD	2045	3192.3019	0.8495	sell	2026-07-18 10:01:53.000
kraken	ETH-USD	2046	3202.4762	0.9701	buy	2026-07-18 10:01:53.000
coinbase	SOL-USD	2047	140.2850	0.3667	sell	2026-07-18 10:01:53.000
coinbase	SOL-USD	2048	139.7014	0.2039	buy	2026-07-18 10:01:53.000
coinbase	SOL-USD	2049	139.4809	1.8857	sell	2026-07-18 10:01:53.000
kraken	SOL-USD	2050	139.6878	0.6404	buy	2026-07-18 10:01:53.000
kraken	SOL-USD	2051	139.5756	0.1402	sell	2026-07-18 10:01:53.000
kraken	SOL-USD	2052	140.0419	0.0995	sell	2026-07-18 10:01:53.000
coinbase	BTC-USD	2053	104923.8180	0.2491	sell	2026-07-18 10:01:54.000
coinbase	BTC-USD	2054	105193.7729	0.398	sell	2026-07-18 10:01:54.000
coinbase	BTC-USD	2055	105473.4736	1.6569	buy	2026-07-18 10:01:54.000
kraken	BTC-USD	2056	104476.2076	1.7515	buy	2026-07-18 10:01:54.000
kraken	BTC-USD	2057	105403.8070	0.9954	sell	2026-07-18 10:01:54.000
kraken	BTC-USD	2058	104681.3492	0.7189	sell	2026-07-18 10:01:54.000
coinbase	ETH-USD	2059	3189.1149	1.5481	buy	2026-07-18 10:01:54.000
coinbase	ETH-USD	2060	3198.5276	0.4108	buy	2026-07-18 10:01:54.000
coinbase	ETH-USD	2061	3200.9625	1.2396	sell	2026-07-18 10:01:54.000
kraken	ETH-USD	2062	3202.2005	0.9907	buy	2026-07-18 10:01:54.000
kraken	ETH-USD	2063	3197.0241	1.6659	buy	2026-07-18 10:01:54.000
kraken	ETH-USD	2064	3189.5151	1.6441	buy	2026-07-18 10:01:54.000
coinbase	SOL-USD	2065	139.7426	1.2466	sell	2026-07-18 10:01:54.000
coinbase	SOL-USD	2066	140.5538	1.6428	sell	2026-07-18 10:01:54.000
coinbase	SOL-USD	2067	140.2283	0.5877	sell	2026-07-18 10:01:54.000
kraken	SOL-USD	2068	139.8703	0.8397	buy	2026-07-18 10:01:54.000
kraken	SOL-USD	2069	140.3135	0.1807	sell	2026-07-18 10:01:54.000
kraken	SOL-USD	2070	140.0370	0.6561	sell	2026-07-18 10:01:54.000
coinbase	BTC-USD	2071	105507.4993	1.2714	sell	2026-07-18 10:01:55.000
coinbase	BTC-USD	2072	105275.2602	1.7375	buy	2026-07-18 10:01:55.000
coinbase	BTC-USD	2073	104539.1321	0.144	sell	2026-07-18 10:01:55.000
kraken	BTC-USD	2074	105343.5701	1.7782	buy	2026-07-18 10:01:55.000
kraken	BTC-USD	2075	105174.3303	0.1985	buy	2026-07-18 10:01:55.000
kraken	BTC-USD	2076	104510.7115	0.8791	buy	2026-07-18 10:01:55.000
coinbase	ETH-USD	2077	3200.3343	1.8882	buy	2026-07-18 10:01:55.000
coinbase	ETH-USD	2078	3207.5699	1.3362	buy	2026-07-18 10:01:55.000
coinbase	ETH-USD	2079	3197.5976	1.416	sell	2026-07-18 10:01:55.000
kraken	ETH-USD	2080	3186.4492	1.5766	buy	2026-07-18 10:01:55.000
kraken	ETH-USD	2081	3199.1393	1.1373	buy	2026-07-18 10:01:55.000
kraken	ETH-USD	2082	3211.8863	1.0502	sell	2026-07-18 10:01:55.000
coinbase	SOL-USD	2083	140.5254	0.921	sell	2026-07-18 10:01:55.000
coinbase	SOL-USD	2084	139.6500	0.2352	sell	2026-07-18 10:01:55.000
coinbase	SOL-USD	2085	140.5403	1.335	buy	2026-07-18 10:01:55.000
kraken	SOL-USD	2086	140.5605	0.4424	sell	2026-07-18 10:01:55.000
kraken	SOL-USD	2087	140.1226	1.5694	sell	2026-07-18 10:01:55.000
kraken	SOL-USD	2088	139.3547	1.5739	buy	2026-07-18 10:01:55.000
coinbase	BTC-USD	2089	105036.5908	0.7381	buy	2026-07-18 10:01:56.000
coinbase	BTC-USD	2090	104568.6708	0.2207	buy	2026-07-18 10:01:56.000
coinbase	BTC-USD	2091	104882.7929	0.4212	sell	2026-07-18 10:01:56.000
kraken	BTC-USD	2092	105461.5765	1.4277	buy	2026-07-18 10:01:56.000
kraken	BTC-USD	2093	105223.6962	0.9467	sell	2026-07-18 10:01:56.000
kraken	BTC-USD	2094	104789.0690	0.3235	sell	2026-07-18 10:01:56.000
coinbase	ETH-USD	2095	3193.5029	1.7615	sell	2026-07-18 10:01:56.000
coinbase	ETH-USD	2096	3191.6341	1.7309	buy	2026-07-18 10:01:56.000
coinbase	ETH-USD	2097	3197.2195	1.2578	buy	2026-07-18 10:01:56.000
kraken	ETH-USD	2098	3196.9572	0.5708	buy	2026-07-18 10:01:56.000
kraken	ETH-USD	2099	3189.3947	0.0929	sell	2026-07-18 10:01:56.000
kraken	ETH-USD	2100	3212.7421	1.2134	buy	2026-07-18 10:01:56.000
coinbase	SOL-USD	2101	139.7064	1.6509	buy	2026-07-18 10:01:56.000
coinbase	SOL-USD	2102	140.2047	0.1002	buy	2026-07-18 10:01:56.000
coinbase	SOL-USD	2103	140.0862	0.4259	sell	2026-07-18 10:01:56.000
kraken	SOL-USD	2104	140.6059	0.4636	buy	2026-07-18 10:01:56.000
kraken	SOL-USD	2105	140.3713	1.6489	sell	2026-07-18 10:01:56.000
kraken	SOL-USD	2106	140.0344	1.994	buy	2026-07-18 10:01:56.000
coinbase	BTC-USD	2107	105225.1029	1.2007	sell	2026-07-18 10:01:57.000
coinbase	BTC-USD	2108	104614.3793	1.6672	buy	2026-07-18 10:01:57.000
coinbase	BTC-USD	2109	105185.4366	0.7708	sell	2026-07-18 10:01:57.000
kraken	BTC-USD	2110	104478.9775	0.8125	buy	2026-07-18 10:01:57.000
kraken	BTC-USD	2111	104748.6475	0.1107	sell	2026-07-18 10:01:57.000
kraken	BTC-USD	2112	104982.8289	0.118	buy	2026-07-18 10:01:57.000
coinbase	ETH-USD	2113	3211.9767	0.2803	sell	2026-07-18 10:01:57.000
coinbase	ETH-USD	2114	3198.6017	1.3213	buy	2026-07-18 10:01:57.000
coinbase	ETH-USD	2115	3190.3263	1.3412	buy	2026-07-18 10:01:57.000
kraken	ETH-USD	2116	3186.6441	0.8336	sell	2026-07-18 10:01:57.000
kraken	ETH-USD	2117	3190.6342	0.6815	sell	2026-07-18 10:01:57.000
kraken	ETH-USD	2118	3209.6186	1.1147	buy	2026-07-18 10:01:57.000
coinbase	SOL-USD	2119	139.6230	1.6529	sell	2026-07-18 10:01:57.000
coinbase	SOL-USD	2120	139.9786	0.0442	buy	2026-07-18 10:01:57.000
coinbase	SOL-USD	2121	139.3024	0.4611	buy	2026-07-18 10:01:57.000
kraken	SOL-USD	2122	139.4282	1.5145	sell	2026-07-18 10:01:57.000
kraken	SOL-USD	2123	139.8469	0.0668	buy	2026-07-18 10:01:57.000
kraken	SOL-USD	2124	139.4089	0.2066	buy	2026-07-18 10:01:57.000
coinbase	BTC-USD	2125	104550.7304	0.7909	sell	2026-07-18 10:01:58.000
coinbase	BTC-USD	2126	104532.9780	1.2179	sell	2026-07-18 10:01:58.000
coinbase	BTC-USD	2127	105023.8281	1.4873	sell	2026-07-18 10:01:58.000
kraken	BTC-USD	2128	105152.3305	1.3219	sell	2026-07-18 10:01:58.000
kraken	BTC-USD	2129	105284.4401	0.049	buy	2026-07-18 10:01:58.000
kraken	BTC-USD	2130	105168.1403	0.077	sell	2026-07-18 10:01:58.000
coinbase	ETH-USD	2131	3184.1743	1.1362	buy	2026-07-18 10:01:58.000
coinbase	ETH-USD	2132	3191.8156	1.479	buy	2026-07-18 10:01:58.000
coinbase	ETH-USD	2133	3200.2669	1.1962	buy	2026-07-18 10:01:58.000
kraken	ETH-USD	2134	3210.1383	1.378	sell	2026-07-18 10:01:58.000
kraken	ETH-USD	2135	3188.3993	0.5479	buy	2026-07-18 10:01:58.000
kraken	ETH-USD	2136	3206.4066	1.3246	buy	2026-07-18 10:01:58.000
coinbase	SOL-USD	2137	139.4167	0.9041	sell	2026-07-18 10:01:58.000
coinbase	SOL-USD	2138	140.2100	0.2964	sell	2026-07-18 10:01:58.000
coinbase	SOL-USD	2139	140.2832	0.0964	buy	2026-07-18 10:01:58.000
kraken	SOL-USD	2140	139.6606	0.3831	buy	2026-07-18 10:01:58.000
kraken	SOL-USD	2141	139.9139	1.9551	buy	2026-07-18 10:01:58.000
kraken	SOL-USD	2142	140.1781	1.9292	sell	2026-07-18 10:01:58.000
coinbase	BTC-USD	2143	104814.1715	0.6886	sell	2026-07-18 10:01:59.000
coinbase	BTC-USD	2144	105355.5053	0.3944	sell	2026-07-18 10:01:59.000
coinbase	BTC-USD	2145	105170.1777	0.9835	buy	2026-07-18 10:01:59.000
kraken	BTC-USD	2146	104524.6551	0.5645	sell	2026-07-18 10:01:59.000
kraken	BTC-USD	2147	105491.2689	0.3212	sell	2026-07-18 10:01:59.000
kraken	BTC-USD	2148	105401.7325	0.6146	sell	2026-07-18 10:01:59.000
coinbase	ETH-USD	2149	3191.8697	1.8827	buy	2026-07-18 10:01:59.000
coinbase	ETH-USD	2150	3209.1452	1.8387	sell	2026-07-18 10:01:59.000
coinbase	ETH-USD	2151	3189.5454	1.698	sell	2026-07-18 10:01:59.000
kraken	ETH-USD	2152	3203.6168	0.5352	sell	2026-07-18 10:01:59.000
kraken	ETH-USD	2153	3187.4922	0.7402	sell	2026-07-18 10:01:59.000
kraken	ETH-USD	2154	3210.3500	1.4169	sell	2026-07-18 10:01:59.000
coinbase	SOL-USD	2155	140.2854	1.2059	buy	2026-07-18 10:01:59.000
coinbase	SOL-USD	2156	139.6548	1.0304	sell	2026-07-18 10:01:59.000
coinbase	SOL-USD	2157	140.2950	1.4966	sell	2026-07-18 10:01:59.000
kraken	SOL-USD	2158	139.7815	1.9478	sell	2026-07-18 10:01:59.000
kraken	SOL-USD	2159	139.7824	1.0871	sell	2026-07-18 10:01:59.000
kraken	SOL-USD	2160	139.7627	0.877	sell	2026-07-18 10:01:59.000
